formation_month,holding_month,k,benchmark,method,training_start,training_end,n_training_months,missing_benchmark_policy,n_excluded_training_months,excluded_training_months,n_eligible,benchmark_mass_covered,n_positive_weights,max_weight,in_sample_te_annualized,in_sample_mean_active_monthly,in_sample_rmse_monthly,objective,ridge,weight_cap,solver_message
2019-12,2020-01,25,equal_weighted,optimized,2015-01,2019-12,48,drop,12,2015-04;2016-02;2016-05;2016-06;2016-07;2016-10;2017-06;2017-09;2017-11;2018-10;2019-07;2019-08,465,0.9300000000000002,19,0.32294529061060084,0.02883175832361494,0.004865612001567096,0.009565747569793887,tracking_error,0.0,1.0,Optimization terminated successfully
2019-12,2020-01,25,equal_weighted,representative,2015-01,2019-12,48,drop,12,2015-04;2016-02;2016-05;2016-06;2016-07;2016-10;2017-06;2017-09;2017-11;2018-10;2019-07;2019-08,465,0.9300000000000002,25,0.6838709677419353,0.07883321457075235,0.004831419957885303,0.02303134591241463,cluster_mass,0.0,1.0,not applicable
2019-12,2020-01,25,value_weighted,optimized,2015-01,2019-12,48,drop,12,2015-04;2016-02;2016-05;2016-06;2016-07;2016-10;2017-06;2017-09;2017-11;2018-10;2019-07;2019-08,465,0.9729407003472677,19,0.3198002549943919,0.03166928697861788,0.003335814360740846,0.009641840098943602,tracking_error,0.0,1.0,Optimization terminated successfully
2019-12,2020-01,25,value_weighted,representative,2015-01,2019-12,48,drop,12,2015-04;2016-02;2016-05;2016-06;2016-07;2016-10;2017-06;2017-09;2017-11;2018-10;2019-07;2019-08,465,0.9729407003472677,25,0.7064800196735205,0.08448660748067974,0.004430158507026141,0.02453703737400771,cluster_mass,0.0,1.0,not applicable
2019-12,2020-01,50,equal_weighted,optimized,2015-01,2019-12,48,drop,12,2015-04;2016-02;2016-05;2016-06;2016-07;2016-10;2017-06;2017-09;2017-11;2018-10;2019-07;2019-08,465,0.9300000000000002,31,0.25337121033388477,0.012271153990964656,0.004330332995111482,0.005571247000574748,tracking_error,0.0,1.0,Optimization terminated successfully
2019-12,2020-01,50,equal_weighted,representative,2015-01,2019-12,48,drop,12,2015-04;2016-02;2016-05;2016-06;2016-07;2016-10;2017-06;2017-09;2017-11;2018-10;2019-07;2019-08,465,0.9300000000000002,50,0.5333333333333332,0.06198240334256256,0.0048424920456989215,0.018355692107444258,cluster_mass,0.0,1.0,not applicable
2019-12,2020-01,50,value_weighted,optimized,2015-01,2019-12,48,drop,12,2015-04;2016-02;2016-05;2016-06;2016-07;2016-10;2017-06;2017-09;2017-11;2018-10;2019-07;2019-08,465,0.9729407003472675,33,0.18900526395909942,0.013310343855635213,0.004655616655914263,0.006010903344026592,tracking_error,0.0,1.0,Optimization terminated successfully
2019-12,2020-01,50,value_weighted,representative,2015-01,2019-12,48,drop,12,2015-04;2016-02;2016-05;2016-06;2016-07;2016-10;2017-06;2017-09;2017-11;2018-10;2019-07;2019-08,465,0.9729407003472675,50,0.5828327755836682,0.07296441462605008,0.003933288142017914,0.021210339947280832,cluster_mass,0.0,1.0,not applicable
2019-12,2020-01,100,equal_weighted,optimized,2015-01,2019-12,48,drop,12,2015-04;2016-02;2016-05;2016-06;2016-07;2016-10;2017-06;2017-09;2017-11;2018-10;2019-07;2019-08,465,0.9300000000000002,74,0.1795974532220242,9.71705893292036e-07,0.005599384085129597,0.00559938409200938,tracking_error,0.0,1.0,Optimization terminated successfully
2019-12,2020-01,100,equal_weighted,representative,2015-01,2019-12,48,drop,12,2015-04;2016-02;2016-05;2016-06;2016-07;2016-10;2017-06;2017-09;2017-11;2018-10;2019-07;2019-08,465,0.9300000000000002,100,0.2967741935483871,0.032820655692761054,0.005272624662186376,0.010756241282675192,cluster_mass,0.0,1.0,not applicable
2019-12,2020-01,100,value_weighted,optimized,2015-01,2019-12,48,drop,12,2015-04;2016-02;2016-05;2016-06;2016-07;2016-10;2017-06;2017-09;2017-11;2018-10;2019-07;2019-08,465,0.9729407003472677,44,0.10176163027710479,0.001209613208355425,0.005420095299742807,0.005431097788259539,tracking_error,0.0,1.0,Optimization terminated successfully
2019-12,2020-01,100,value_weighted,representative,2015-01,2019-12,48,drop,12,2015-04;2016-02;2016-05;2016-06;2016-07;2016-10;2017-06;2017-09;2017-11;2018-10;2019-07;2019-08,465,0.9729407003472677,100,0.24793276230846625,0.03221170913698958,0.0055501558373071405,0.010745651901266445,cluster_mass,0.0,1.0,not applicable
2020-01,2020-02,25,equal_weighted,optimized,2015-02,2020-01,48,drop,12,2015-04;2016-02;2016-05;2016-06;2016-07;2016-10;2017-06;2017-09;2017-11;2018-10;2019-07;2019-08,462,0.924,19,0.30321823221739924,0.035330116348112096,0.0030572731144893153,0.010545044746911366,tracking_error,0.0,1.0,Optimization terminated successfully
2020-01,2020-02,25,equal_weighted,representative,2015-02,2020-01,48,drop,12,2015-04;2016-02;2016-05;2016-06;2016-07;2016-10;2017-06;2017-09;2017-11;2018-10;2019-07;2019-08,462,0.924,25,0.7164502164502164,0.09027576229695775,0.004272094167748917,0.02613895086576258,cluster_mass,0.0,1.0,not applicable
2020-01,2020-02,25,value_weighted,optimized,2015-02,2020-01,48,drop,12,2015-04;2016-02;2016-05;2016-06;2016-07;2016-10;2017-06;2017-09;2017-11;2018-10;2019-07;2019-08,462,0.9716446929708024,21,0.2883768377754165,0.03258849969322419,0.0001538840509256996,0.009310250896324677,tracking_error,0.0,1.0,Optimization terminated successfully
2020-01,2020-02,25,value_weighted,representative,2015-02,2020-01,48,drop,12,2015-04;2016-02;2016-05;2016-06;2016-07;2016-10;2017-06;2017-09;2017-11;2018-10;2019-07;2019-08,462,0.9716446929708024,25,0.735443261348777,0.09147839131868372,0.0026426319436131944,0.0262642955037455,cluster_mass,0.0,1.0,not applicable
2020-01,2020-02,50,equal_weighted,optimized,2015-02,2020-01,48,drop,12,2015-04;2016-02;2016-05;2016-06;2016-07;2016-10;2017-06;2017-09;2017-11;2018-10;2019-07;2019-08,462,0.924,30,0.1477190728585934,0.02033183191875931,0.005161240351992598,0.007769770797155809,tracking_error,0.0,1.0,Optimization terminated successfully
2020-01,2020-02,50,equal_weighted,representative,2015-02,2020-01,48,drop,12,2015-04;2016-02;2016-05;2016-06;2016-07;2016-10;2017-06;2017-09;2017-11;2018-10;2019-07;2019-08,462,0.924,50,0.3787878787878788,0.06172062126421549,0.006070617075396825,0.018646493321641103,cluster_mass,0.0,1.0,not applicable
2020-01,2020-02,50,value_weighted,optimized,2015-02,2020-01,48,drop,12,2015-04;2016-02;2016-05;2016-06;2016-07;2016-10;2017-06;2017-09;2017-11;2018-10;2019-07;2019-08,462,0.9716446929708025,27,0.11751370163451945,0.021259288414267385,0.0036755794430627345,0.00709847505214246,tracking_error,0.0,1.0,Optimization terminated successfully
2020-01,2020-02,50,value_weighted,representative,2015-02,2020-01,48,drop,12,2015-04;2016-02;2016-05;2016-06;2016-07;2016-10;2017-06;2017-09;2017-11;2018-10;2019-07;2019-08,462,0.9716446929708025,50,0.29218181535788734,0.0680366696381672,0.004960735380080684,0.02005795333305478,cluster_mass,0.0,1.0,not applicable
2020-01,2020-02,100,equal_weighted,optimized,2015-02,2020-01,48,drop,12,2015-04;2016-02;2016-05;2016-06;2016-07;2016-10;2017-06;2017-09;2017-11;2018-10;2019-07;2019-08,462,0.9240000000000002,46,0.12205790220737905,0.000336436024098556,0.005382953276536016,0.00538381109452566,tracking_error,0.0,1.0,Optimization terminated successfully
2020-01,2020-02,100,equal_weighted,representative,2015-02,2020-01,48,drop,12,2015-04;2016-02;2016-05;2016-06;2016-07;2016-10;2017-06;2017-09;2017-11;2018-10;2019-07;2019-08,462,0.9240000000000002,100,0.24675324675324672,0.04852982113212242,0.0050231987402597385,0.014744683662615807,cluster_mass,0.0,1.0,not applicable
2020-01,2020-02,100,value_weighted,optimized,2015-02,2020-01,48,drop,12,2015-04;2016-02;2016-05;2016-06;2016-07;2016-10;2017-06;2017-09;2017-11;2018-10;2019-07;2019-08,462,0.9716446929708025,39,0.13204163367080302,0.0062478407012245924,0.0031950351212436516,0.003659704754445854,tracking_error,0.0,1.0,Optimization terminated successfully
2020-01,2020-02,100,value_weighted,representative,2015-02,2020-01,48,drop,12,2015-04;2016-02;2016-05;2016-06;2016-07;2016-10;2017-06;2017-09;2017-11;2018-10;2019-07;2019-08,462,0.9716446929708025,100,0.2033431153943734,0.04769221304264869,0.0053446957470359435,0.014634292081615673,cluster_mass,0.0,1.0,not applicable
2020-02,2020-03,25,equal_weighted,optimized,2015-03,2020-02,48,drop,12,2015-04;2016-02;2016-05;2016-06;2016-07;2016-10;2017-06;2017-09;2017-11;2018-10;2019-07;2019-08,458,0.916,18,0.3133122544429068,0.03955860434272963,0.0036545374490056346,0.0118762689577203,tracking_error,0.0,1.0,Optimization terminated successfully
2020-02,2020-03,25,equal_weighted,representative,2015-03,2020-02,48,drop,12,2015-04;2016-02;2016-05;2016-06;2016-07;2016-10;2017-06;2017-09;2017-11;2018-10;2019-07;2019-08,458,0.916,25,0.7052401746724891,0.0926069533792367,0.003591769515283843,0.026696113715919536,cluster_mass,0.0,1.0,not applicable
2020-02,2020-03,25,value_weighted,optimized,2015-03,2020-02,48,drop,12,2015-04;2016-02;2016-05;2016-06;2016-07;2016-10;2017-06;2017-09;2017-11;2018-10;2019-07;2019-08,458,0.9695834720159194,17,0.28542745465191866,0.03710948325101034,0.0016654914957251216,0.010730448190750513,tracking_error,0.0,1.0,Optimization terminated successfully
2020-02,2020-03,25,value_weighted,representative,2015-03,2020-02,48,drop,12,2015-04;2016-02;2016-05;2016-06;2016-07;2016-10;2017-06;2017-09;2017-11;2018-10;2019-07;2019-08,458,0.9695834720159194,25,0.6897867840784683,0.09133066583438178,0.002401523314215334,0.026199111636698563,cluster_mass,0.0,1.0,not applicable
2020-02,2020-03,50,equal_weighted,optimized,2015-03,2020-02,48,drop,12,2015-04;2016-02;2016-05;2016-06;2016-07;2016-10;2017-06;2017-09;2017-11;2018-10;2019-07;2019-08,458,0.9159999999999999,27,0.2937594769605491,0.025121114215547278,0.00438450200026777,0.008409366669292673,tracking_error,0.0,1.0,Optimization terminated successfully
2020-02,2020-03,50,equal_weighted,representative,2015-03,2020-02,48,drop,12,2015-04;2016-02;2016-05;2016-06;2016-07;2016-10;2017-06;2017-09;2017-11;2018-10;2019-07;2019-08,458,0.9159999999999999,50,0.462882096069869,0.05798496360961681,0.005245797672125183,0.017374381819484724,cluster_mass,0.0,1.0,not applicable
2020-02,2020-03,50,value_weighted,optimized,2015-03,2020-02,48,drop,12,2015-04;2016-02;2016-05;2016-06;2016-07;2016-10;2017-06;2017-09;2017-11;2018-10;2019-07;2019-08,458,0.9695834720159194,28,0.280744749884989,0.020892882050507693,0.0031268444803970504,0.006737608294678987,tracking_error,0.0,1.0,Optimization terminated successfully
2020-02,2020-03,50,value_weighted,representative,2015-03,2020-02,48,drop,12,2015-04;2016-02;2016-05;2016-06;2016-07;2016-10;2017-06;2017-09;2017-11;2018-10;2019-07;2019-08,458,0.9695834720159194,50,0.34813919541442406,0.04873337732833377,0.005404077844162604,0.014932941199102637,cluster_mass,0.0,1.0,not applicable
2020-02,2020-03,100,equal_weighted,optimized,2015-03,2020-02,48,drop,12,2015-04;2016-02;2016-05;2016-06;2016-07;2016-10;2017-06;2017-09;2017-11;2018-10;2019-07;2019-08,458,0.9160000000000001,59,0.06130500849540239,3.588952911128018e-06,0.0037882642870423777,0.0037882644257628702,tracking_error,0.0,1.0,Optimization terminated successfully
2020-02,2020-03,100,equal_weighted,representative,2015-03,2020-02,48,drop,12,2015-04;2016-02;2016-05;2016-06;2016-07;2016-10;2017-06;2017-09;2017-11;2018-10;2019-07;2019-08,458,0.9160000000000001,100,0.2467248908296943,0.04601245141810761,0.0038241512929403205,0.013688584298172055,cluster_mass,0.0,1.0,not applicable
2020-02,2020-03,100,value_weighted,optimized,2015-03,2020-02,48,drop,12,2015-04;2016-02;2016-05;2016-06;2016-07;2016-10;2017-06;2017-09;2017-11;2018-10;2019-07;2019-08,458,0.9695834720159194,46,0.06792906664685873,0.003273731454349697,0.001156279423459373,0.0014871064029923949,tracking_error,0.0,1.0,Optimization terminated successfully
2020-02,2020-03,100,value_weighted,representative,2015-03,2020-02,48,drop,12,2015-04;2016-02;2016-05;2016-06;2016-07;2016-10;2017-06;2017-09;2017-11;2018-10;2019-07;2019-08,458,0.9695834720159194,100,0.18922885191666222,0.04238275418309812,0.0041598797119368385,0.012801465315992282,cluster_mass,0.0,1.0,not applicable
2020-03,2020-04,25,equal_weighted,optimized,2015-04,2020-03,48,drop,12,2015-04;2016-02;2016-05;2016-06;2016-07;2016-10;2017-06;2017-09;2017-11;2018-10;2019-07;2019-08,457,0.914,11,0.5174044340744803,0.041381524843413765,0.007120043098829385,0.013799441793210233,tracking_error,0.0,1.0,Optimization terminated successfully
2020-03,2020-04,25,equal_weighted,representative,2015-04,2020-03,48,drop,12,2015-04;2016-02;2016-05;2016-06;2016-07;2016-10;2017-06;2017-09;2017-11;2018-10;2019-07;2019-08,457,0.914,25,0.737417943107221,0.06603495829662163,0.006346825228847557,0.019902168730834394,cluster_mass,0.0,1.0,not applicable
2020-03,2020-04,25,value_weighted,optimized,2015-04,2020-03,48,drop,12,2015-04;2016-02;2016-05;2016-06;2016-07;2016-10;2017-06;2017-09;2017-11;2018-10;2019-07;2019-08,457,0.9697869129115345,14,0.4458067429779592,0.038126416113133596,0.005089802904719752,0.012021553226813107,tracking_error,0.0,1.0,Optimization terminated successfully
2020-03,2020-04,25,value_weighted,representative,2015-04,2020-03,48,drop,12,2015-04;2016-02;2016-05;2016-06;2016-07;2016-10;2017-06;2017-09;2017-11;2018-10;2019-07;2019-08,457,0.9697869129115345,25,0.7751147467366941,0.0663163354451298,0.0037669901485407383,0.01931432308977575,cluster_mass,0.0,1.0,not applicable
2020-03,2020-04,50,equal_weighted,optimized,2015-04,2020-03,48,drop,12,2015-04;2016-02;2016-05;2016-06;2016-07;2016-10;2017-06;2017-09;2017-11;2018-10;2019-07;2019-08,457,0.9139999999999999,24,0.16676839716397554,0.018280311582291923,0.006468058100891014,0.008312827577738402,tracking_error,0.0,1.0,Optimization terminated successfully
2020-03,2020-04,50,equal_weighted,representative,2015-04,2020-03,48,drop,12,2015-04;2016-02;2016-05;2016-06;2016-07;2016-10;2017-06;2017-09;2017-11;2018-10;2019-07;2019-08,457,0.9139999999999999,50,0.45951859956236324,0.06287412875414806,0.006678925930889863,0.019161800688746438,cluster_mass,0.0,1.0,not applicable
2020-03,2020-04,50,value_weighted,optimized,2015-04,2020-03,48,drop,12,2015-04;2016-02;2016-05;2016-06;2016-07;2016-10;2017-06;2017-09;2017-11;2018-10;2019-07;2019-08,457,0.9697869129115344,27,0.15060446382455872,0.016854361100487353,0.004378442730412248,0.006507690979987229,tracking_error,0.0,1.0,Optimization terminated successfully
2020-03,2020-04,50,value_weighted,representative,2015-04,2020-03,48,drop,12,2015-04;2016-02;2016-05;2016-06;2016-07;2016-10;2017-06;2017-09;2017-11;2018-10;2019-07;2019-08,457,0.9697869129115344,50,0.3269047154269308,0.0575942758575584,0.006103790638680534,0.01754771939300067,cluster_mass,0.0,1.0,not applicable
2020-03,2020-04,100,equal_weighted,optimized,2015-04,2020-03,48,drop,12,2015-04;2016-02;2016-05;2016-06;2016-07;2016-10;2017-06;2017-09;2017-11;2018-10;2019-07;2019-08,457,0.914,45,0.12375601816389824,0.002713423675711442,0.003847322732625622,0.0039246229716375786,tracking_error,0.0,1.0,Optimization terminated successfully
2020-03,2020-04,100,equal_weighted,representative,2015-04,2020-03,48,drop,12,2015-04;2016-02;2016-05;2016-06;2016-07;2016-10;2017-06;2017-09;2017-11;2018-10;2019-07;2019-08,457,0.914,100,0.3238512035010941,0.05012396231470421,0.004644431082239241,0.015052459850922588,cluster_mass,0.0,1.0,not applicable
2020-03,2020-04,100,value_weighted,optimized,2015-04,2020-03,48,drop,12,2015-04;2016-02;2016-05;2016-06;2016-07;2016-10;2017-06;2017-09;2017-11;2018-10;2019-07;2019-08,457,0.9697869129115344,44,0.11063638210677179,0.001365712921076745,0.0022855282697987777,0.002318584117191528,tracking_error,0.0,1.0,Optimization terminated successfully
2020-03,2020-04,100,value_weighted,representative,2015-04,2020-03,48,drop,12,2015-04;2016-02;2016-05;2016-06;2016-07;2016-10;2017-06;2017-09;2017-11;2018-10;2019-07;2019-08,457,0.9697869129115344,100,0.2151373009260794,0.04502399077701981,0.0038231021091499947,0.013417403398929691,cluster_mass,0.0,1.0,not applicable
2020-04,2020-05,25,equal_weighted,optimized,2015-05,2020-04,48,drop,12,2016-02;2016-05;2016-06;2016-07;2016-10;2017-06;2017-09;2017-11;2018-10;2019-07;2019-08;2020-04,454,0.9080000000000001,18,0.2525886374722341,0.03583421759820168,0.004285276350058324,0.011096930403851662,tracking_error,0.0,1.0,Optimization terminated successfully
2020-04,2020-05,25,equal_weighted,representative,2015-05,2020-04,48,drop,12,2016-02;2016-05;2016-06;2016-07;2016-10;2017-06;2017-09;2017-11;2018-10;2019-07;2019-08;2020-04,454,0.9080000000000001,25,0.7048458149779735,0.1087046885140916,0.0035948931644640227,0.03125914125427894,cluster_mass,0.0,1.0,not applicable
2020-04,2020-05,25,value_weighted,optimized,2015-05,2020-04,48,drop,12,2016-02;2016-05;2016-06;2016-07;2016-10;2017-06;2017-09;2017-11;2018-10;2019-07;2019-08;2020-04,454,0.9660730195097094,18,0.17690015620604954,0.040868319296759166,0.002738352901448369,0.01199099037281632,tracking_error,0.0,1.0,Optimization terminated successfully
2020-04,2020-05,25,value_weighted,representative,2015-05,2020-04,48,drop,12,2016-02;2016-05;2016-06;2016-07;2016-10;2017-06;2017-09;2017-11;2018-10;2019-07;2019-08;2020-04,454,0.9660730195097094,25,0.6963302862299122,0.12443170385338229,0.0014455278639864892,0.03557358084263389,cluster_mass,0.0,1.0,not applicable
2020-04,2020-05,50,equal_weighted,optimized,2015-05,2020-04,48,drop,12,2016-02;2016-05;2016-06;2016-07;2016-10;2017-06;2017-09;2017-11;2018-10;2019-07;2019-08;2020-04,454,0.9080000000000001,26,0.19302195561543464,0.020909482373507107,0.0031753369936729594,0.006764436202394356,tracking_error,0.0,1.0,Optimization terminated successfully
2020-04,2020-05,50,equal_weighted,representative,2015-05,2020-04,48,drop,12,2016-02;2016-05;2016-06;2016-07;2016-10;2017-06;2017-09;2017-11;2018-10;2019-07;2019-08;2020-04,454,0.9080000000000001,50,0.6233480176211453,0.09165855618099199,0.0041861373366372965,0.02651500986329409,cluster_mass,0.0,1.0,not applicable
2020-04,2020-05,50,value_weighted,optimized,2015-05,2020-04,48,drop,12,2016-02;2016-05;2016-06;2016-07;2016-10;2017-06;2017-09;2017-11;2018-10;2019-07;2019-08;2020-04,454,0.9660730195097093,27,0.1392478177148046,0.02008045917157764,0.0010296257839132916,0.00582770591005376,tracking_error,0.0,1.0,Optimization terminated successfully
2020-04,2020-05,50,value_weighted,representative,2015-05,2020-04,48,drop,12,2016-02;2016-05;2016-06;2016-07;2016-10;2017-06;2017-09;2017-11;2018-10;2019-07;2019-08;2020-04,454,0.9660730195097093,50,0.6446355073202207,0.11316891716414328,0.0017754810911413052,0.032375678967499676,cluster_mass,0.0,1.0,not applicable
2020-04,2020-05,100,equal_weighted,optimized,2015-05,2020-04,48,drop,12,2016-02;2016-05;2016-06;2016-07;2016-10;2017-06;2017-09;2017-11;2018-10;2019-07;2019-08;2020-04,454,0.9080000000000001,42,0.08864407474564939,0.0051035764507209695,0.005224671407271088,0.005424252276378505,tracking_error,0.0,1.0,Optimization terminated successfully
2020-04,2020-05,100,equal_weighted,representative,2015-05,2020-04,48,drop,12,2016-02;2016-05;2016-06;2016-07;2016-10;2017-06;2017-09;2017-11;2018-10;2019-07;2019-08;2020-04,454,0.9080000000000001,100,0.3039647577092511,0.041351368482804574,0.00681854276064611,0.013638860900754678,cluster_mass,0.0,1.0,not applicable
2020-04,2020-05,100,value_weighted,optimized,2015-05,2020-04,48,drop,12,2016-02;2016-05;2016-06;2016-07;2016-10;2017-06;2017-09;2017-11;2018-10;2019-07;2019-08;2020-04,454,0.9660730195097093,44,0.09857828200982012,0.004498962838705496,0.002379514277048462,0.002704379848898123,tracking_error,0.0,1.0,Optimization terminated successfully
2020-04,2020-05,100,value_weighted,representative,2015-05,2020-04,48,drop,12,2016-02;2016-05;2016-06;2016-07;2016-10;2017-06;2017-09;2017-11;2018-10;2019-07;2019-08;2020-04,454,0.9660730195097093,100,0.21917058723042734,0.04143372376206763,0.0053403440698080356,0.012984667448621154,cluster_mass,0.0,1.0,not applicable
2020-05,2020-06,25,equal_weighted,optimized,2015-06,2020-05,48,drop,12,2016-02;2016-05;2016-06;2016-07;2016-10;2017-06;2017-09;2017-11;2018-10;2019-07;2019-08;2020-04,450,0.9,15,0.27003052030040675,0.03519813416705501,0.004480261586617668,0.011007463296196632,tracking_error,0.0,1.0,Optimization terminated successfully
2020-05,2020-06,25,equal_weighted,representative,2015-06,2020-05,48,drop,12,2016-02;2016-05;2016-06;2016-07;2016-10;2017-06;2017-09;2017-11;2018-10;2019-07;2019-08;2020-04,450,0.9,25,0.7,0.11084060553623098,0.0043786568842592586,0.03196320884893818,cluster_mass,0.0,1.0,not applicable
2020-05,2020-06,25,value_weighted,optimized,2015-06,2020-05,48,drop,12,2016-02;2016-05;2016-06;2016-07;2016-10;2017-06;2017-09;2017-11;2018-10;2019-07;2019-08;2020-04,450,0.9613544032045147,14,0.2385783590950058,0.03773778749931891,0.0020761847465744537,0.01097799893203823,tracking_error,0.0,1.0,Optimization terminated successfully
2020-05,2020-06,25,value_weighted,representative,2015-06,2020-05,48,drop,12,2016-02;2016-05;2016-06;2016-07;2016-10;2017-06;2017-09;2017-11;2018-10;2019-07;2019-08;2020-04,450,0.9613544032045147,25,0.6926917938039312,0.1255782838672174,0.002106601230726462,0.03593352532638386,cluster_mass,0.0,1.0,not applicable
2020-05,2020-06,50,equal_weighted,optimized,2015-06,2020-05,48,drop,12,2016-02;2016-05;2016-06;2016-07;2016-10;2017-06;2017-09;2017-11;2018-10;2019-07;2019-08;2020-04,450,0.9000000000000001,27,0.21610563774371305,0.023349073028251236,0.003989190940992269,0.007771663503866551,tracking_error,0.0,1.0,Optimization terminated successfully
2020-05,2020-06,50,equal_weighted,representative,2015-06,2020-05,48,drop,12,2016-02;2016-05;2016-06;2016-07;2016-10;2017-06;2017-09;2017-11;2018-10;2019-07;2019-08;2020-04,450,0.9000000000000001,50,0.591111111111111,0.0874312800387168,0.00478093836574074,0.025428432944083174,cluster_mass,0.0,1.0,not applicable
2020-05,2020-06,50,value_weighted,optimized,2015-06,2020-05,48,drop,12,2016-02;2016-05;2016-06;2016-07;2016-10;2017-06;2017-09;2017-11;2018-10;2019-07;2019-08;2020-04,450,0.9613544032045147,27,0.1438720221398537,0.021167924509195368,0.0021888284334926314,0.006430640491331032,tracking_error,0.0,1.0,Optimization terminated successfully
2020-05,2020-06,50,value_weighted,representative,2015-06,2020-05,48,drop,12,2016-02;2016-05;2016-06;2016-07;2016-10;2017-06;2017-09;2017-11;2018-10;2019-07;2019-08;2020-04,450,0.9613544032045147,50,0.6282272445185594,0.10928599121080454,0.0024936091682847875,0.03131722569273564,cluster_mass,0.0,1.0,not applicable
2020-05,2020-06,100,equal_weighted,optimized,2015-06,2020-05,48,drop,12,2016-02;2016-05;2016-06;2016-07;2016-10;2017-06;2017-09;2017-11;2018-10;2019-07;2019-08;2020-04,450,0.9,39,0.14055261352001788,0.006919860479323081,0.005854015850897611,0.0061787329805467,tracking_error,0.0,1.0,Optimization terminated successfully
2020-05,2020-06,100,equal_weighted,representative,2015-06,2020-05,48,drop,12,2016-02;2016-05;2016-06;2016-07;2016-10;2017-06;2017-09;2017-11;2018-10;2019-07;2019-08;2020-04,450,0.9,100,0.32666666666666666,0.044542464891963666,0.004579693782407406,0.013522759634072136,cluster_mass,0.0,1.0,not applicable
2020-05,2020-06,100,value_weighted,optimized,2015-06,2020-05,48,drop,12,2016-02;2016-05;2016-06;2016-07;2016-10;2017-06;2017-09;2017-11;2018-10;2019-07;2019-08;2020-04,450,0.9613544032045149,45,0.14039212871128148,0.001144455379227121,0.003990812273241702,0.004004179923051844,tracking_error,0.0,1.0,Optimization terminated successfully
2020-05,2020-06,100,value_weighted,representative,2015-06,2020-05,48,drop,12,2016-02;2016-05;2016-06;2016-07;2016-10;2017-06;2017-09;2017-11;2018-10;2019-07;2019-08;2020-04,450,0.9613544032045149,100,0.2179028490594921,0.040253559269887905,0.0046737063527449475,0.012412071191704115,cluster_mass,0.0,1.0,not applicable
2020-06,2020-07,25,equal_weighted,optimized,2015-07,2020-06,48,drop,12,2016-02;2016-05;2016-06;2016-07;2016-10;2017-06;2017-09;2017-11;2018-10;2019-07;2019-08;2020-04,450,0.9,19,0.19630879380221422,0.03109240433061377,0.004221320139838527,0.00983375040748582,tracking_error,0.0,1.0,Optimization terminated successfully
2020-06,2020-07,25,equal_weighted,representative,2015-07,2020-06,48,drop,12,2016-02;2016-05;2016-06;2016-07;2016-10;2017-06;2017-09;2017-11;2018-10;2019-07;2019-08;2020-04,450,0.9,25,0.7088888888888889,0.11284503136408705,0.005653032944444444,0.03272637925735643,cluster_mass,0.0,1.0,not applicable
2020-06,2020-07,25,value_weighted,optimized,2015-07,2020-06,48,drop,12,2016-02;2016-05;2016-06;2016-07;2016-10;2017-06;2017-09;2017-11;2018-10;2019-07;2019-08;2020-04,450,0.967170755566659,21,0.13936796355253128,0.03489099693996777,0.002659983435236902,0.010315545275220439,tracking_error,0.0,1.0,Optimization terminated successfully
2020-06,2020-07,25,value_weighted,representative,2015-07,2020-06,48,drop,12,2016-02;2016-05;2016-06;2016-07;2016-10;2017-06;2017-09;2017-11;2018-10;2019-07;2019-08;2020-04,450,0.967170755566659,25,0.7361928153673625,0.13604561753304212,0.003222064123955684,0.0389950836009413,cluster_mass,0.0,1.0,not applicable
2020-06,2020-07,50,equal_weighted,optimized,2015-07,2020-06,48,drop,12,2016-02;2016-05;2016-06;2016-07;2016-10;2017-06;2017-09;2017-11;2018-10;2019-07;2019-08;2020-04,450,0.9000000000000001,29,0.2104302888902003,0.02270110455166708,0.0034169611214028978,0.007329798624151345,tracking_error,0.0,1.0,Optimization terminated successfully
2020-06,2020-07,50,equal_weighted,representative,2015-07,2020-06,48,drop,12,2016-02;2016-05;2016-06;2016-07;2016-10;2017-06;2017-09;2017-11;2018-10;2019-07;2019-08;2020-04,450,0.9000000000000001,50,0.6355555555555555,0.09574211934408984,0.005356715907407407,0.0278686149898147,cluster_mass,0.0,1.0,not applicable
2020-06,2020-07,50,value_weighted,optimized,2015-07,2020-06,48,drop,12,2016-02;2016-05;2016-06;2016-07;2016-10;2017-06;2017-09;2017-11;2018-10;2019-07;2019-08;2020-04,450,0.9671707555666591,27,0.15874701645239958,0.020412175220928943,0.0018507276757241166,0.0061174535850313854,tracking_error,0.0,1.0,Optimization terminated successfully
2020-06,2020-07,50,value_weighted,representative,2015-07,2020-06,48,drop,12,2016-02;2016-05;2016-06;2016-07;2016-10;2017-06;2017-09;2017-11;2018-10;2019-07;2019-08;2020-04,450,0.9671707555666591,50,0.6925527663100473,0.12361101688281369,0.002633290702109348,0.03540782328147972,cluster_mass,0.0,1.0,not applicable
2020-06,2020-07,100,equal_weighted,optimized,2015-07,2020-06,48,drop,12,2016-02;2016-05;2016-06;2016-07;2016-10;2017-06;2017-09;2017-11;2018-10;2019-07;2019-08;2020-04,450,0.9000000000000001,47,0.09844044231843907,0.0004021616245005311,0.0036031944188837915,0.0036050252513883303,tracking_error,0.0,1.0,Optimization terminated successfully
2020-06,2020-07,100,equal_weighted,representative,2015-07,2020-06,48,drop,12,2016-02;2016-05;2016-06;2016-07;2016-10;2017-06;2017-09;2017-11;2018-10;2019-07;2019-08;2020-04,450,0.9000000000000001,100,0.28888888888888886,0.04275891024016534,0.004136446972222217,0.012895595616996818,cluster_mass,0.0,1.0,not applicable
2020-06,2020-07,100,value_weighted,optimized,2015-07,2020-06,48,drop,12,2016-02;2016-05;2016-06;2016-07;2016-10;2017-06;2017-09;2017-11;2018-10;2019-07;2019-08;2020-04,450,0.9671707555666591,92,0.0963662172313529,9.276855549877175e-07,0.0036925919671038404,0.0036925919766124197,tracking_error,0.0,1.0,Optimization terminated successfully
2020-06,2020-07,100,value_weighted,representative,2015-07,2020-06,48,drop,12,2016-02;2016-05;2016-06;2016-07;2016-10;2017-06;2017-09;2017-11;2018-10;2019-07;2019-08;2020-04,450,0.9671707555666591,100,0.19931386964954576,0.04752742263308795,0.003941206351958051,0.014136812742763126,cluster_mass,0.0,1.0,not applicable
2020-07,2020-08,25,equal_weighted,optimized,2015-08,2020-07,48,drop,12,2016-02;2016-05;2016-06;2016-07;2016-10;2017-06;2017-09;2017-11;2018-10;2019-07;2019-08;2020-04,451,0.902,13,0.3986630847649542,0.0399656725132247,0.0027581237928729807,0.011744735687075533,tracking_error,0.0,1.0,Optimization terminated successfully
2020-07,2020-08,25,equal_weighted,representative,2015-08,2020-07,48,drop,12,2016-02;2016-05;2016-06;2016-07;2016-10;2017-06;2017-09;2017-11;2018-10;2019-07;2019-08;2020-04,451,0.902,25,0.7184035476718403,0.08457478305746942,0.0006871630424981519,0.024168749833645968,cluster_mass,0.0,1.0,not applicable
2020-07,2020-08,25,value_weighted,optimized,2015-08,2020-07,48,drop,12,2016-02;2016-05;2016-06;2016-07;2016-10;2017-06;2017-09;2017-11;2018-10;2019-07;2019-08;2020-04,451,0.9656563431157302,15,0.3079743216034366,0.0355378889053318,0.0011881574088704416,0.010220774929605886,tracking_error,0.0,1.0,Optimization terminated successfully
2020-07,2020-08,25,value_weighted,representative,2015-08,2020-07,48,drop,12,2016-02;2016-05;2016-06;2016-07;2016-10;2017-06;2017-09;2017-11;2018-10;2019-07;2019-08;2020-04,451,0.9656563431157302,25,0.7468218933496146,0.10173276871681257,-0.0012647998834149708,0.029087708029511685,cluster_mass,0.0,1.0,not applicable
2020-07,2020-08,50,equal_weighted,optimized,2015-08,2020-07,48,drop,12,2016-02;2016-05;2016-06;2016-07;2016-10;2017-06;2017-09;2017-11;2018-10;2019-07;2019-08;2020-04,451,0.9020000000000001,25,0.25679607730279524,0.026017962545969126,0.003552076709926929,0.008237306209161282,tracking_error,0.0,1.0,Optimization terminated successfully
2020-07,2020-08,50,equal_weighted,representative,2015-08,2020-07,48,drop,12,2016-02;2016-05;2016-06;2016-07;2016-10;2017-06;2017-09;2017-11;2018-10;2019-07;2019-08;2020-04,451,0.9020000000000001,50,0.6186252771618624,0.07395536678095511,0.0018531252560975598,0.021206640859526317,cluster_mass,0.0,1.0,not applicable
2020-07,2020-08,50,value_weighted,optimized,2015-08,2020-07,48,drop,12,2016-02;2016-05;2016-06;2016-07;2016-10;2017-06;2017-09;2017-11;2018-10;2019-07;2019-08;2020-04,451,0.9656563431157301,28,0.2105584703959324,0.01958475273497861,0.002559279750419166,0.006152036299318384,tracking_error,0.0,1.0,Optimization terminated successfully
2020-07,2020-08,50,value_weighted,representative,2015-08,2020-07,48,drop,12,2016-02;2016-05;2016-06;2016-07;2016-10;2017-06;2017-09;2017-11;2018-10;2019-07;2019-08;2020-04,451,0.9656563431157301,50,0.6959011950569032,0.09368292760745703,-0.0003093594451390419,0.026762529469639588,cluster_mass,0.0,1.0,not applicable
2020-07,2020-08,100,equal_weighted,optimized,2015-08,2020-07,48,drop,12,2016-02;2016-05;2016-06;2016-07;2016-10;2017-06;2017-09;2017-11;2018-10;2019-07;2019-08;2020-04,451,0.9020000000000001,40,0.08987000030206643,0.005568006425401259,0.0032883488616971056,0.0036528033172860486,tracking_error,0.0,1.0,Optimization terminated successfully
2020-07,2020-08,100,equal_weighted,representative,2015-08,2020-07,48,drop,12,2016-02;2016-05;2016-06;2016-07;2016-10;2017-06;2017-09;2017-11;2018-10;2019-07;2019-08;2020-04,451,0.9020000000000001,100,0.3281596452328159,0.043975599914867235,0.0025040098643754585,0.012808869194285533,cluster_mass,0.0,1.0,not applicable
2020-07,2020-08,100,value_weighted,optimized,2015-08,2020-07,48,drop,12,2016-02;2016-05;2016-06;2016-07;2016-10;2017-06;2017-09;2017-11;2018-10;2019-07;2019-08;2020-04,451,0.9656563431157301,42,0.14059437509508727,0.002216471764516989,0.0016542661109182222,0.001771288480507213,tracking_error,0.0,1.0,Optimization terminated successfully
2020-07,2020-08,100,value_weighted,representative,2015-08,2020-07,48,drop,12,2016-02;2016-05;2016-06;2016-07;2016-10;2017-06;2017-09;2017-11;2018-10;2019-07;2019-08;2020-04,451,0.9656563431157301,100,0.25138697986630754,0.04600872791593085,0.0035900498586652705,0.01362401212586533,cluster_mass,0.0,1.0,not applicable
2020-08,2020-09,25,equal_weighted,optimized,2015-09,2020-08,48,drop,12,2016-02;2016-05;2016-06;2016-07;2016-10;2017-06;2017-09;2017-11;2018-10;2019-07;2019-08;2020-04,450,0.8999999999999999,14,0.3588472301021233,0.0460171140304177,0.0038208271936577393,0.013688934971012041,tracking_error,0.0,1.0,Optimization terminated successfully
2020-08,2020-09,25,equal_weighted,representative,2015-09,2020-08,48,drop,12,2016-02;2016-05;2016-06;2016-07;2016-10;2017-06;2017-09;2017-11;2018-10;2019-07;2019-08;2020-04,450,0.8999999999999999,25,0.7133333333333334,0.08309109096120462,0.006201246666666667,0.02453188213099194,cluster_mass,0.0,1.0,not applicable
2020-08,2020-09,25,value_weighted,optimized,2015-09,2020-08,48,drop,12,2016-02;2016-05;2016-06;2016-07;2016-10;2017-06;2017-09;2017-11;2018-10;2019-07;2019-08;2020-04,450,0.9653525182076492,14,0.2720465965540364,0.04259931506531094,8.948244358044881e-06,0.012168594552631008,tracking_error,0.0,1.0,Optimization terminated successfully
2020-08,2020-09,25,value_weighted,representative,2015-09,2020-08,48,drop,12,2016-02;2016-05;2016-06;2016-07;2016-10;2017-06;2017-09;2017-11;2018-10;2019-07;2019-08;2020-04,450,0.9653525182076492,25,0.764251339885046,0.09253537433921248,0.003601469085472158,0.026677160777806855,cluster_mass,0.0,1.0,not applicable
2020-08,2020-09,50,equal_weighted,optimized,2015-09,2020-08,48,drop,12,2016-02;2016-05;2016-06;2016-07;2016-10;2017-06;2017-09;2017-11;2018-10;2019-07;2019-08;2020-04,450,0.9000000000000001,22,0.23524616175777563,0.030413831267896447,0.002805108116322227,0.009129411508956109,tracking_error,0.0,1.0,Optimization terminated successfully
2020-08,2020-09,50,equal_weighted,representative,2015-09,2020-08,48,drop,12,2016-02;2016-05;2016-06;2016-07;2016-10;2017-06;2017-09;2017-11;2018-10;2019-07;2019-08;2020-04,450,0.9000000000000001,50,0.5822222222222222,0.07012887943305766,0.006410536990740741,0.021033187995270507,cluster_mass,0.0,1.0,not applicable
2020-08,2020-09,50,value_weighted,optimized,2015-09,2020-08,48,drop,12,2016-02;2016-05;2016-06;2016-07;2016-10;2017-06;2017-09;2017-11;2018-10;2019-07;2019-08;2020-04,450,0.9653525182076492,26,0.16207955824914705,0.027414648055727922,-2.9144813351052857e-05,0.007831110819783518,tracking_error,0.0,1.0,Optimization terminated successfully
2020-08,2020-09,50,value_weighted,representative,2015-09,2020-08,48,drop,12,2016-02;2016-05;2016-06;2016-07;2016-10;2017-06;2017-09;2017-11;2018-10;2019-07;2019-08;2020-04,450,0.9653525182076492,50,0.6611946878985554,0.082298454596597,0.003915037407603714,0.023832507447612603,cluster_mass,0.0,1.0,not applicable
2020-08,2020-09,100,equal_weighted,optimized,2015-09,2020-08,48,drop,12,2016-02;2016-05;2016-06;2016-07;2016-10;2017-06;2017-09;2017-11;2018-10;2019-07;2019-08;2020-04,450,0.9000000000000001,44,0.11892989737144873,0.004563733834726861,0.0025735397731294174,0.002884889373409496,tracking_error,0.0,1.0,Optimization terminated successfully
2020-08,2020-09,100,equal_weighted,representative,2015-09,2020-08,48,drop,12,2016-02;2016-05;2016-06;2016-07;2016-10;2017-06;2017-09;2017-11;2018-10;2019-07;2019-08;2020-04,450,0.9000000000000001,100,0.29777777777777775,0.04082623976555544,0.0036472641203703694,0.012219136829217901,cluster_mass,0.0,1.0,not applicable
2020-08,2020-09,100,value_weighted,optimized,2015-09,2020-08,48,drop,12,2016-02;2016-05;2016-06;2016-07;2016-10;2017-06;2017-09;2017-11;2018-10;2019-07;2019-08;2020-04,450,0.9653525182076493,38,0.11684650432977946,0.004921446219565255,0.001401948373530038,0.0019853955793495853,tracking_error,0.0,1.0,Optimization terminated successfully
2020-08,2020-09,100,value_weighted,representative,2015-09,2020-08,48,drop,12,2016-02;2016-05;2016-06;2016-07;2016-10;2017-06;2017-09;2017-11;2018-10;2019-07;2019-08;2020-04,450,0.9653525182076493,100,0.19237766496124248,0.048207127899344775,0.004416641269567263,0.01446142187558177,cluster_mass,0.0,1.0,not applicable
2020-09,2020-10,25,equal_weighted,optimized,2015-10,2020-09,48,drop,12,2016-02;2016-05;2016-06;2016-07;2016-10;2017-06;2017-09;2017-11;2018-10;2019-07;2019-08;2020-04,448,0.896,16,0.38939246267347083,0.049882221355513616,0.004154341799521055,0.014842226996686655,tracking_error,0.0,1.0,Optimization terminated successfully
2020-09,2020-10,25,equal_weighted,representative,2015-10,2020-09,48,drop,12,2016-02;2016-05;2016-06;2016-07;2016-10;2017-06;2017-09;2017-11;2018-10;2019-07;2019-08;2020-04,448,0.896,25,0.7142857142857143,0.08307306000839952,0.006642563268973216,0.024642178357015817,cluster_mass,0.0,1.0,not applicable
2020-09,2020-10,25,value_weighted,optimized,2015-10,2020-09,48,drop,12,2016-02;2016-05;2016-06;2016-07;2016-10;2017-06;2017-09;2017-11;2018-10;2019-07;2019-08;2020-04,448,0.9609797033203104,19,0.31372747469233,0.05092937630307244,0.0003580909085202171,0.014552498614930222,tracking_error,0.0,1.0,Optimization terminated successfully
2020-09,2020-10,25,value_weighted,representative,2015-10,2020-09,48,drop,12,2016-02;2016-05;2016-06;2016-07;2016-10;2017-06;2017-09;2017-11;2018-10;2019-07;2019-08;2020-04,448,0.9609797033203104,25,0.7694895505045481,0.09457427428500455,0.004278195428114937,0.027352009958229725,cluster_mass,0.0,1.0,not applicable
2020-09,2020-10,50,equal_weighted,optimized,2015-10,2020-09,48,drop,12,2016-02;2016-05;2016-06;2016-07;2016-10;2017-06;2017-09;2017-11;2018-10;2019-07;2019-08;2020-04,448,0.896,27,0.18940153988861513,0.02472600025779697,0.005535097407759257,0.00897350613144782,tracking_error,0.0,1.0,Optimization terminated successfully
2020-09,2020-10,50,equal_weighted,representative,2015-10,2020-09,48,drop,12,2016-02;2016-05;2016-06;2016-07;2016-10;2017-06;2017-09;2017-11;2018-10;2019-07;2019-08;2020-04,448,0.896,50,0.5602678571428571,0.06672562296988062,0.0068849175751488105,0.020265688178961513,cluster_mass,0.0,1.0,not applicable
2020-09,2020-10,50,value_weighted,optimized,2015-10,2020-09,48,drop,12,2016-02;2016-05;2016-06;2016-07;2016-10;2017-06;2017-09;2017-11;2018-10;2019-07;2019-08;2020-04,448,0.9609797033203105,28,0.1577014070329948,0.02646053065936735,0.003081720730341839,0.008162603009229163,tracking_error,0.0,1.0,Optimization terminated successfully
2020-09,2020-10,50,value_weighted,representative,2015-10,2020-09,48,drop,12,2016-02;2016-05;2016-06;2016-07;2016-10;2017-06;2017-09;2017-11;2018-10;2019-07;2019-08;2020-04,448,0.9609797033203105,50,0.6435782539011727,0.0826836435101453,0.0049077260758066555,0.024123269117122873,cluster_mass,0.0,1.0,not applicable
2020-09,2020-10,100,equal_weighted,optimized,2015-10,2020-09,48,drop,12,2016-02;2016-05;2016-06;2016-07;2016-10;2017-06;2017-09;2017-11;2018-10;2019-07;2019-08;2020-04,448,0.8960000000000001,45,0.13438630219685305,0.0019196645528390304,0.006625366752086202,0.006648020720639631,tracking_error,0.0,1.0,Optimization terminated successfully
2020-09,2020-10,100,equal_weighted,representative,2015-10,2020-09,48,drop,12,2016-02;2016-05;2016-06;2016-07;2016-10;2017-06;2017-09;2017-11;2018-10;2019-07;2019-08;2020-04,448,0.8960000000000001,100,0.29910714285714285,0.04265911066948183,0.003628091310267855,0.01271430882754843,cluster_mass,0.0,1.0,not applicable
2020-09,2020-10,100,value_weighted,optimized,2015-10,2020-09,48,drop,12,2016-02;2016-05;2016-06;2016-07;2016-10;2017-06;2017-09;2017-11;2018-10;2019-07;2019-08;2020-04,448,0.9609797033203105,42,0.12663268213113246,0.0031333353023477485,0.003934501784052419,0.004035022762093746,tracking_error,0.0,1.0,Optimization terminated successfully
2020-09,2020-10,100,value_weighted,representative,2015-10,2020-09,48,drop,12,2016-02;2016-05;2016-06;2016-07;2016-10;2017-06;2017-09;2017-11;2018-10;2019-07;2019-08;2020-04,448,0.9609797033203105,100,0.2543370883793829,0.04586803559905914,0.0046653810799714215,0.013908136985243942,cluster_mass,0.0,1.0,not applicable
2020-10,2020-11,25,equal_weighted,optimized,2015-11,2020-10,48,drop,12,2016-02;2016-05;2016-06;2016-07;2016-10;2017-06;2017-09;2017-11;2018-10;2019-07;2019-08;2020-04,453,0.9060000000000001,19,0.420649722637039,0.05092015674985424,0.009869934264505052,0.017577996724486625,tracking_error,0.0,1.0,Optimization terminated successfully
2020-10,2020-11,25,equal_weighted,representative,2015-11,2020-10,48,drop,12,2016-02;2016-05;2016-06;2016-07;2016-10;2017-06;2017-09;2017-11;2018-10;2019-07;2019-08;2020-04,453,0.9060000000000001,25,0.737306843267108,0.08456619129321694,0.007899075259565853,0.025415213687203675,cluster_mass,0.0,1.0,not applicable
2020-10,2020-11,25,value_weighted,optimized,2015-11,2020-10,48,drop,12,2016-02;2016-05;2016-06;2016-07;2016-10;2017-06;2017-09;2017-11;2018-10;2019-07;2019-08;2020-04,453,0.963645566477297,17,0.3680988567658086,0.04660344992629771,0.0068213189526694805,0.014958271735880583,tracking_error,0.0,1.0,Optimization terminated successfully
2020-10,2020-11,25,value_weighted,representative,2015-11,2020-10,48,drop,12,2016-02;2016-05;2016-06;2016-07;2016-10;2017-06;2017-09;2017-11;2018-10;2019-07;2019-08;2020-04,453,0.963645566477297,25,0.7661814168463935,0.08971163209139314,0.005495869991685619,0.026209034102969084,cluster_mass,0.0,1.0,not applicable
2020-10,2020-11,50,equal_weighted,optimized,2015-11,2020-10,48,drop,12,2016-02;2016-05;2016-06;2016-07;2016-10;2017-06;2017-09;2017-11;2018-10;2019-07;2019-08;2020-04,453,0.9060000000000001,22,0.27751601943191523,0.03118724583970731,0.004639614577030663,0.010044456021302403,tracking_error,0.0,1.0,Optimization terminated successfully
2020-10,2020-11,50,equal_weighted,representative,2015-11,2020-10,48,drop,12,2016-02;2016-05;2016-06;2016-07;2016-10;2017-06;2017-09;2017-11;2018-10;2019-07;2019-08;2020-04,453,0.9060000000000001,50,0.6269315673289183,0.07306594571743394,0.007720401878403236,0.022253588056623932,cluster_mass,0.0,1.0,not applicable
2020-10,2020-11,50,value_weighted,optimized,2015-11,2020-10,48,drop,12,2016-02;2016-05;2016-06;2016-07;2016-10;2017-06;2017-09;2017-11;2018-10;2019-07;2019-08;2020-04,453,0.9636455664772972,25,0.18523356946773623,0.025842393114648646,0.0030110894212558143,0.007972432114721989,tracking_error,0.0,1.0,Optimization terminated successfully
2020-10,2020-11,50,value_weighted,representative,2015-11,2020-10,48,drop,12,2016-02;2016-05;2016-06;2016-07;2016-10;2017-06;2017-09;2017-11;2018-10;2019-07;2019-08;2020-04,453,0.9636455664772972,50,0.6943896117307782,0.08055388315245457,0.005820865287904729,0.023735226565599257,cluster_mass,0.0,1.0,not applicable
2020-10,2020-11,100,equal_weighted,optimized,2015-11,2020-10,48,drop,12,2016-02;2016-05;2016-06;2016-07;2016-10;2017-06;2017-09;2017-11;2018-10;2019-07;2019-08;2020-04,453,0.9060000000000001,45,0.14419871428564235,0.0019591744260839716,0.005176220937535967,0.005206386757598683,tracking_error,0.0,1.0,Optimization terminated successfully
2020-10,2020-11,100,equal_weighted,representative,2015-11,2020-10,48,drop,12,2016-02;2016-05;2016-06;2016-07;2016-10;2017-06;2017-09;2017-11;2018-10;2019-07;2019-08;2020-04,453,0.9060000000000001,100,0.29359823399558493,0.045957578828662325,0.0036201633758278125,0.013617892588508686,cluster_mass,0.0,1.0,not applicable
2020-10,2020-11,100,value_weighted,optimized,2015-11,2020-10,48,drop,12,2016-02;2016-05;2016-06;2016-07;2016-10;2017-06;2017-09;2017-11;2018-10;2019-07;2019-08;2020-04,453,0.9636455664772968,44,0.09455031625127495,0.003445595536969582,0.004990496435851558,0.005086628293106336,tracking_error,0.0,1.0,Optimization terminated successfully
2020-10,2020-11,100,value_weighted,representative,2015-11,2020-10,48,drop,12,2016-02;2016-05;2016-06;2016-07;2016-10;2017-06;2017-09;2017-11;2018-10;2019-07;2019-08;2020-04,453,0.9636455664772968,100,0.23698531542898962,0.058064465149292366,0.0040784025513395964,0.01708030862043979,cluster_mass,0.0,1.0,not applicable
2020-11,2020-12,25,equal_weighted,optimized,2015-12,2020-11,48,drop,12,2016-02;2016-05;2016-06;2016-07;2016-10;2017-06;2017-09;2017-11;2018-10;2019-07;2019-08;2020-04,451,0.9020000000000001,14,0.34296383706853156,0.0417579038301506,0.006200299290758751,0.013443460352751152,tracking_error,0.0,1.0,Optimization terminated successfully
2020-11,2020-12,25,equal_weighted,representative,2015-12,2020-11,48,drop,12,2016-02;2016-05;2016-06;2016-07;2016-10;2017-06;2017-09;2017-11;2018-10;2019-07;2019-08;2020-04,451,0.9020000000000001,25,0.7339246119733924,0.08156960729336096,0.007862769314763486,0.024591431172798515,cluster_mass,0.0,1.0,not applicable
2020-11,2020-12,25,value_weighted,optimized,2015-12,2020-11,48,drop,12,2016-02;2016-05;2016-06;2016-07;2016-10;2017-06;2017-09;2017-11;2018-10;2019-07;2019-08;2020-04,451,0.9585045309138202,16,0.2514230454631302,0.03616568070936533,0.003929294350256526,0.011052826249886556,tracking_error,0.0,1.0,Optimization terminated successfully
2020-11,2020-12,25,value_weighted,representative,2015-12,2020-11,48,drop,12,2016-02;2016-05;2016-06;2016-07;2016-10;2017-06;2017-09;2017-11;2018-10;2019-07;2019-08;2020-04,451,0.9585045309138202,25,0.7748726378178954,0.09298707906900731,0.006657054975153311,0.02738347435075554,cluster_mass,0.0,1.0,not applicable
2020-11,2020-12,50,equal_weighted,optimized,2015-12,2020-11,48,drop,12,2016-02;2016-05;2016-06;2016-07;2016-10;2017-06;2017-09;2017-11;2018-10;2019-07;2019-08;2020-04,451,0.902,26,0.18208456184438893,0.02860948895803537,0.003994953413574344,0.009096549478031646,tracking_error,0.0,1.0,Optimization terminated successfully
2020-11,2020-12,50,equal_weighted,representative,2015-12,2020-11,48,drop,12,2016-02;2016-05;2016-06;2016-07;2016-10;2017-06;2017-09;2017-11;2018-10;2019-07;2019-08;2020-04,451,0.902,50,0.6075388026607539,0.07014850008858395,0.006482731066426463,0.021060636211542583,cluster_mass,0.0,1.0,not applicable
2020-11,2020-12,50,value_weighted,optimized,2015-12,2020-11,48,drop,12,2016-02;2016-05;2016-06;2016-07;2016-10;2017-06;2017-09;2017-11;2018-10;2019-07;2019-08;2020-04,451,0.9585045309138202,30,0.13263949131954436,0.023273780897275255,0.0024089181751305627,0.007071178298039244,tracking_error,0.0,1.0,Optimization terminated successfully
2020-11,2020-12,50,value_weighted,representative,2015-12,2020-11,48,drop,12,2016-02;2016-05;2016-06;2016-07;2016-10;2017-06;2017-09;2017-11;2018-10;2019-07;2019-08;2020-04,451,0.9585045309138202,50,0.6971363754455269,0.08699282505957505,0.0059020559137836605,0.025540982244302846,cluster_mass,0.0,1.0,not applicable
2020-11,2020-12,100,equal_weighted,optimized,2015-12,2020-11,48,drop,12,2016-02;2016-05;2016-06;2016-07;2016-10;2017-06;2017-09;2017-11;2018-10;2019-07;2019-08;2020-04,451,0.9020000000000001,88,0.12894382441926805,6.113299111592068e-07,0.006370632264637475,0.006370632267030868,tracking_error,0.0,1.0,Optimization terminated successfully
2020-11,2020-12,100,equal_weighted,representative,2015-12,2020-11,48,drop,12,2016-02;2016-05;2016-06;2016-07;2016-10;2017-06;2017-09;2017-11;2018-10;2019-07;2019-08;2020-04,451,0.9020000000000001,100,0.25942350332594233,0.04009542130442435,0.0036693131063377667,0.012026763748388044,cluster_mass,0.0,1.0,not applicable
2020-11,2020-12,100,value_weighted,optimized,2015-12,2020-11,48,drop,12,2016-02;2016-05;2016-06;2016-07;2016-10;2017-06;2017-09;2017-11;2018-10;2019-07;2019-08;2020-04,451,0.9585045309138203,45,0.07660146037638152,0.002749559047608211,0.004206639128240496,0.004279333344280221,tracking_error,0.0,1.0,Optimization terminated successfully
2020-11,2020-12,100,value_weighted,representative,2015-12,2020-11,48,drop,12,2016-02;2016-05;2016-06;2016-07;2016-10;2017-06;2017-09;2017-11;2018-10;2019-07;2019-08;2020-04,451,0.9585045309138203,100,0.22693307272260443,0.052942430943070364,0.004990939459140046,0.01592540146973718,cluster_mass,0.0,1.0,not applicable
2020-12,2021-01,25,equal_weighted,optimized,2016-01,2020-12,48,drop,12,2016-02;2016-05;2016-06;2016-07;2016-10;2017-06;2017-09;2017-11;2018-10;2019-07;2019-08;2020-04,448,0.896,17,0.30470535310826385,0.04638147085283151,0.008392960053308486,0.015683655671008472,tracking_error,0.0,1.0,Optimization terminated successfully
2020-12,2021-01,25,equal_weighted,representative,2016-01,2020-12,48,drop,12,2016-02;2016-05;2016-06;2016-07;2016-10;2017-06;2017-09;2017-11;2018-10;2019-07;2019-08;2020-04,448,0.896,25,0.7366071428571429,0.08424515988523265,0.007281590017113096,0.02514233861183234,cluster_mass,0.0,1.0,not applicable
2020-12,2021-01,25,value_weighted,optimized,2016-01,2020-12,48,drop,12,2016-02;2016-05;2016-06;2016-07;2016-10;2017-06;2017-09;2017-11;2018-10;2019-07;2019-08;2020-04,448,0.956912244824199,18,0.18925304707936352,0.03591782922716174,0.00579764731926465,0.011784757617173392,tracking_error,0.0,1.0,Optimization terminated successfully
2020-12,2021-01,25,value_weighted,representative,2016-01,2020-12,48,drop,12,2016-02;2016-05;2016-06;2016-07;2016-10;2017-06;2017-09;2017-11;2018-10;2019-07;2019-08;2020-04,448,0.956912244824199,25,0.7806756863082946,0.09676427949202883,0.006640203155248384,0.028427340234544865,cluster_mass,0.0,1.0,not applicable
2020-12,2021-01,50,equal_weighted,optimized,2016-01,2020-12,48,drop,12,2016-02;2016-05;2016-06;2016-07;2016-10;2017-06;2017-09;2017-11;2018-10;2019-07;2019-08;2020-04,448,0.8960000000000001,23,0.17903614307477622,0.02367286990921004,0.0035745076435399,0.007648828500133941,tracking_error,0.0,1.0,Optimization terminated successfully
2020-12,2021-01,50,equal_weighted,representative,2016-01,2020-12,48,drop,12,2016-02;2016-05;2016-06;2016-07;2016-10;2017-06;2017-09;2017-11;2018-10;2019-07;2019-08;2020-04,448,0.8960000000000001,50,0.6071428571428571,0.0710033818811189,0.006050068021205356,0.0211653988012418,cluster_mass,0.0,1.0,not applicable
2020-12,2021-01,50,value_weighted,optimized,2016-01,2020-12,48,drop,12,2016-02;2016-05;2016-06;2016-07;2016-10;2017-06;2017-09;2017-11;2018-10;2019-07;2019-08;2020-04,448,0.956912244824199,27,0.12317627246473306,0.025889372580544804,0.0021518657256173706,0.007702067817031577,tracking_error,0.0,1.0,Optimization terminated successfully
2020-12,2021-01,50,value_weighted,representative,2016-01,2020-12,48,drop,12,2016-02;2016-05;2016-06;2016-07;2016-10;2017-06;2017-09;2017-11;2018-10;2019-07;2019-08;2020-04,448,0.956912244824199,50,0.6887713609972757,0.08991736070601553,0.006833637591119262,0.026578617257946822,cluster_mass,0.0,1.0,not applicable
2020-12,2021-01,100,equal_weighted,optimized,2016-01,2020-12,48,drop,12,2016-02;2016-05;2016-06;2016-07;2016-10;2017-06;2017-09;2017-11;2018-10;2019-07;2019-08;2020-04,448,0.8960000000000001,77,0.12757908902719436,1.070792436164241e-06,0.00535001876422524,0.005350018772969049,tracking_error,0.0,1.0,Optimization terminated successfully
2020-12,2021-01,100,equal_weighted,representative,2016-01,2020-12,48,drop,12,2016-02;2016-05;2016-06;2016-07;2016-10;2017-06;2017-09;2017-11;2018-10;2019-07;2019-08;2020-04,448,0.8960000000000001,100,0.26116071428571425,0.04058518235203927,0.00288194622991071,0.01194608940207009,cluster_mass,0.0,1.0,not applicable
2020-12,2021-01,100,value_weighted,optimized,2016-01,2020-12,48,drop,12,2016-02;2016-05;2016-06;2016-07;2016-10;2017-06;2017-09;2017-11;2018-10;2019-07;2019-08;2020-04,448,0.9569122448241992,41,0.10276889304619911,0.0037235735214938277,0.002660826949230736,0.002865544541809435,tracking_error,0.0,1.0,Optimization terminated successfully
2020-12,2021-01,100,value_weighted,representative,2016-01,2020-12,48,drop,12,2016-02;2016-05;2016-06;2016-07;2016-10;2017-06;2017-09;2017-11;2018-10;2019-07;2019-08;2020-04,448,0.9569122448241992,100,0.22820860309741917,0.0560610458928777,0.00474477496601661,0.016702094900923416,cluster_mass,0.0,1.0,not applicable
2021-01,2021-02,25,equal_weighted,optimized,2016-02,2021-01,48,drop,12,2016-02;2016-05;2016-06;2016-07;2016-10;2017-06;2017-09;2017-11;2018-10;2019-07;2019-08;2020-04,446,0.892,16,0.3383476813757879,0.034752846447792564,0.004627389318913115,0.010952744882212602,tracking_error,0.0,1.0,Optimization terminated successfully
2021-01,2021-02,25,equal_weighted,representative,2016-02,2021-01,48,drop,12,2016-02;2016-05;2016-06;2016-07;2016-10;2017-06;2017-09;2017-11;2018-10;2019-07;2019-08;2020-04,446,0.892,25,0.7062780269058296,0.08421211310077449,0.0020651861455530645,0.0241438684167459,cluster_mass,0.0,1.0,not applicable
2021-01,2021-02,25,value_weighted,optimized,2016-02,2021-01,48,drop,12,2016-02;2016-05;2016-06;2016-07;2016-10;2017-06;2017-09;2017-11;2018-10;2019-07;2019-08;2020-04,446,0.953555904714706,19,0.2793226615641742,0.030049797119823054,0.003033538951104031,0.00910405729924671,tracking_error,0.0,1.0,Optimization terminated successfully
2021-01,2021-02,25,value_weighted,representative,2016-02,2021-01,48,drop,12,2016-02;2016-05;2016-06;2016-07;2016-10;2017-06;2017-09;2017-11;2018-10;2019-07;2019-08;2020-04,446,0.953555904714706,25,0.7381151436796347,0.10162995733577737,0.00021002294936263086,0.02903158821629306,cluster_mass,0.0,1.0,not applicable
2021-01,2021-02,50,equal_weighted,optimized,2016-02,2021-01,48,drop,12,2016-02;2016-05;2016-06;2016-07;2016-10;2017-06;2017-09;2017-11;2018-10;2019-07;2019-08;2020-04,446,0.8920000000000001,27,0.19350809481326178,0.01914150953923531,0.0030971033730302303,0.0062840320135937,tracking_error,0.0,1.0,Optimization terminated successfully
2021-01,2021-02,50,equal_weighted,representative,2016-02,2021-01,48,drop,12,2016-02;2016-05;2016-06;2016-07;2016-10;2017-06;2017-09;2017-11;2018-10;2019-07;2019-08;2020-04,446,0.8920000000000001,50,0.5560538116591928,0.06262745029256496,0.0018609195162556027,0.017986201514296828,cluster_mass,0.0,1.0,not applicable
2021-01,2021-02,50,value_weighted,optimized,2016-02,2021-01,48,drop,12,2016-02;2016-05;2016-06;2016-07;2016-10;2017-06;2017-09;2017-11;2018-10;2019-07;2019-08;2020-04,446,0.953555904714706,30,0.20750977149495906,0.01710244176485967,0.0009974806641840828,0.004986143395649876,tracking_error,0.0,1.0,Optimization terminated successfully
2021-01,2021-02,50,value_weighted,representative,2016-02,2021-01,48,drop,12,2016-02;2016-05;2016-06;2016-07;2016-10;2017-06;2017-09;2017-11;2018-10;2019-07;2019-08;2020-04,446,0.953555904714706,50,0.6127684975160986,0.08289565830172249,0.00017900345473183046,0.023680009959775893,cluster_mass,0.0,1.0,not applicable
2021-01,2021-02,100,equal_weighted,optimized,2016-02,2021-01,48,drop,12,2016-02;2016-05;2016-06;2016-07;2016-10;2017-06;2017-09;2017-11;2018-10;2019-07;2019-08;2020-04,446,0.8920000000000001,41,0.09926169866463906,0.004040488550944136,0.0039160082933513635,0.004082553159439117,tracking_error,0.0,1.0,Optimization terminated successfully
2021-01,2021-02,100,equal_weighted,representative,2016-02,2021-01,48,drop,12,2016-02;2016-05;2016-06;2016-07;2016-10;2017-06;2017-09;2017-11;2018-10;2019-07;2019-08;2020-04,446,0.8920000000000001,100,0.2802690582959641,0.049966802598399675,0.006873417414237665,0.015841910580986985,cluster_mass,0.0,1.0,not applicable
2021-01,2021-02,100,value_weighted,optimized,2016-02,2021-01,48,drop,12,2016-02;2016-05;2016-06;2016-07;2016-10;2017-06;2017-09;2017-11;2018-10;2019-07;2019-08;2020-04,446,0.953555904714706,41,0.08534881674693645,0.006372250961464708,0.003102861425702466,0.0035973673360951866,tracking_error,0.0,1.0,Optimization terminated successfully
2021-01,2021-02,100,value_weighted,representative,2016-02,2021-01,48,drop,12,2016-02;2016-05;2016-06;2016-07;2016-10;2017-06;2017-09;2017-11;2018-10;2019-07;2019-08;2020-04,446,0.953555904714706,100,0.23708000127294646,0.05926209862869714,0.007542736936237884,0.01853272850360447,cluster_mass,0.0,1.0,not applicable
2021-02,2021-03,25,equal_weighted,optimized,2016-03,2021-02,49,drop,11,2016-05;2016-06;2016-07;2016-10;2017-06;2017-09;2017-11;2018-10;2019-07;2019-08;2020-04,447,0.894,16,0.31997229421877377,0.03979467555671049,0.0030726666309045104,0.011777778749784105,tracking_error,0.0,1.0,Optimization terminated successfully
2021-02,2021-03,25,equal_weighted,representative,2016-03,2021-02,49,drop,11,2016-05;2016-06;2016-07;2016-10;2017-06;2017-09;2017-11;2018-10;2019-07;2019-08;2020-04,447,0.894,25,0.7449664429530202,0.08912073792705331,0.003052123701410766,0.025645336613114272,cluster_mass,0.0,1.0,not applicable
2021-02,2021-03,25,value_weighted,optimized,2016-03,2021-02,49,drop,11,2016-05;2016-06;2016-07;2016-10;2017-06;2017-09;2017-11;2018-10;2019-07;2019-08;2020-04,447,0.9548056140109266,18,0.24993772864486738,0.031357671775212925,0.0007616164159071677,0.008991648319222117,tracking_error,0.0,1.0,Optimization terminated successfully
2021-02,2021-03,25,value_weighted,representative,2016-03,2021-02,49,drop,11,2016-05;2016-06;2016-07;2016-10;2017-06;2017-09;2017-11;2018-10;2019-07;2019-08;2020-04,447,0.9548056140109266,25,0.7845814690139852,0.10902561196784641,0.001258003834824021,0.03117556682254021,cluster_mass,0.0,1.0,not applicable
2021-02,2021-03,50,equal_weighted,optimized,2016-03,2021-02,49,drop,11,2016-05;2016-06;2016-07;2016-10;2017-06;2017-09;2017-11;2018-10;2019-07;2019-08;2020-04,447,0.8940000000000001,25,0.25195122047865953,0.02620197657590779,0.0031288293332753557,0.008113812087257706,tracking_error,0.0,1.0,Optimization terminated successfully
2021-02,2021-03,50,equal_weighted,representative,2016-03,2021-02,49,drop,11,2016-05;2016-06;2016-07;2016-10;2017-06;2017-09;2017-11;2018-10;2019-07;2019-08;2020-04,447,0.8940000000000001,50,0.5033557046979865,0.06089711982374137,0.0015999340013696723,0.017472582874458763,cluster_mass,0.0,1.0,not applicable
2021-02,2021-03,50,value_weighted,optimized,2016-03,2021-02,49,drop,11,2016-05;2016-06;2016-07;2016-10;2017-06;2017-09;2017-11;2018-10;2019-07;2019-08;2020-04,447,0.9548056140109266,20,0.22459379913524694,0.018352529255849164,0.00017205519897958328,0.005246401812497152,tracking_error,0.0,1.0,Optimization terminated successfully
2021-02,2021-03,50,value_weighted,representative,2016-03,2021-02,49,drop,11,2016-05;2016-06;2016-07;2016-10;2017-06;2017-09;2017-11;2018-10;2019-07;2019-08;2020-04,447,0.9548056140109266,50,0.6051348684157402,0.08670721532732113,0.0003347878079983787,0.024775752143782317,cluster_mass,0.0,1.0,not applicable
2021-02,2021-03,100,equal_weighted,optimized,2016-03,2021-02,49,drop,11,2016-05;2016-06;2016-07;2016-10;2017-06;2017-09;2017-11;2018-10;2019-07;2019-08;2020-04,447,0.8940000000000001,45,0.14719587776751267,0.002858251066856473,0.0020325741086385913,0.0021904939080221943,tracking_error,0.0,1.0,Optimization terminated successfully
2021-02,2021-03,100,equal_weighted,representative,2016-03,2021-02,49,drop,11,2016-05;2016-06;2016-07;2016-10;2017-06;2017-09;2017-11;2018-10;2019-07;2019-08;2020-04,447,0.8940000000000001,100,0.2863534675615212,0.03946423556008532,0.0033291742880883876,0.011756709091070199,cluster_mass,0.0,1.0,not applicable
2021-02,2021-03,100,value_weighted,optimized,2016-03,2021-02,49,drop,11,2016-05;2016-06;2016-07;2016-10;2017-06;2017-09;2017-11;2018-10;2019-07;2019-08;2020-04,447,0.9548056140109266,43,0.08967417487791353,0.0038228350993293487,0.0029308859522210696,0.0031277911733103582,tracking_error,0.0,1.0,Optimization terminated successfully
2021-02,2021-03,100,value_weighted,representative,2016-03,2021-02,49,drop,11,2016-05;2016-06;2016-07;2016-10;2017-06;2017-09;2017-11;2018-10;2019-07;2019-08;2020-04,447,0.9548056140109266,100,0.2525418215935006,0.05123851963654823,0.005136417819858337,0.015514509463768993,cluster_mass,0.0,1.0,not applicable
2021-03,2021-04,25,equal_weighted,optimized,2016-04,2021-03,49,drop,11,2016-05;2016-06;2016-07;2016-10;2017-06;2017-09;2017-11;2018-10;2019-07;2019-08;2020-04,449,0.8980000000000001,18,0.3642736268243251,0.048397731753879694,0.001337887052608783,0.013892494598422966,tracking_error,0.0,1.0,Optimization terminated successfully
2021-03,2021-04,25,equal_weighted,representative,2016-04,2021-03,49,drop,11,2016-05;2016-06;2016-07;2016-10;2017-06;2017-09;2017-11;2018-10;2019-07;2019-08;2020-04,449,0.8980000000000001,25,0.7416481069042316,0.09256005602021772,0.0015115711969455926,0.026488893863914148,cluster_mass,0.0,1.0,not applicable
2021-03,2021-04,25,value_weighted,optimized,2016-04,2021-03,49,drop,11,2016-05;2016-06;2016-07;2016-10;2017-06;2017-09;2017-11;2018-10;2019-07;2019-08;2020-04,449,0.9553216418509383,17,0.2750201484903365,0.0414411633799042,0.0011075077857607665,0.011892016006634209,tracking_error,0.0,1.0,Optimization terminated successfully
2021-03,2021-04,25,value_weighted,representative,2016-04,2021-03,49,drop,11,2016-05;2016-06;2016-07;2016-10;2017-06;2017-09;2017-11;2018-10;2019-07;2019-08;2020-04,449,0.9553216418509383,25,0.7064944060279382,0.10214051623315082,0.0018171424261698454,0.029239524043681544,cluster_mass,0.0,1.0,not applicable
2021-03,2021-04,50,equal_weighted,optimized,2016-04,2021-03,49,drop,11,2016-05;2016-06;2016-07;2016-10;2017-06;2017-09;2017-11;2018-10;2019-07;2019-08;2020-04,449,0.898,28,0.17757264639346185,0.02127044371500365,0.004417742709188121,0.00751329866536963,tracking_error,0.0,1.0,Optimization terminated successfully
2021-03,2021-04,50,equal_weighted,representative,2016-04,2021-03,49,drop,11,2016-05;2016-06;2016-07;2016-10;2017-06;2017-09;2017-11;2018-10;2019-07;2019-08;2020-04,449,0.898,50,0.5033407572383074,0.08092612040263783,0.008187553697741011,0.024528581244612883,cluster_mass,0.0,1.0,not applicable
2021-03,2021-04,50,value_weighted,optimized,2016-04,2021-03,49,drop,11,2016-05;2016-06;2016-07;2016-10;2017-06;2017-09;2017-11;2018-10;2019-07;2019-08;2020-04,449,0.955321641850938,29,0.14640171968879917,0.02701169374602419,0.0030019245884980858,0.00828090058031555,tracking_error,0.0,1.0,Optimization terminated successfully
2021-03,2021-04,50,value_weighted,representative,2016-04,2021-03,49,drop,11,2016-05;2016-06;2016-07;2016-10;2017-06;2017-09;2017-11;2018-10;2019-07;2019-08;2020-04,449,0.955321641850938,50,0.3898400892210714,0.07921554136693885,0.007527331700704013,0.023851917041133052,cluster_mass,0.0,1.0,not applicable
2021-03,2021-04,100,equal_weighted,optimized,2016-04,2021-03,49,drop,11,2016-05;2016-06;2016-07;2016-10;2017-06;2017-09;2017-11;2018-10;2019-07;2019-08;2020-04,449,0.898,81,0.1226895799952737,7.560240662095014e-06,0.004865834528636144,0.004865835008091087,tracking_error,0.0,1.0,Optimization terminated successfully
2021-03,2021-04,100,equal_weighted,representative,2016-04,2021-03,49,drop,11,2016-05;2016-06;2016-07;2016-10;2017-06;2017-09;2017-11;2018-10;2019-07;2019-08;2020-04,449,0.898,100,0.26726057906458794,0.03993201504138458,0.004290071901459022,0.012189067056869481,cluster_mass,0.0,1.0,not applicable
2021-03,2021-04,100,value_weighted,optimized,2016-04,2021-03,49,drop,11,2016-05;2016-06;2016-07;2016-10;2017-06;2017-09;2017-11;2018-10;2019-07;2019-08;2020-04,449,0.9553216418509383,42,0.12708053346296416,0.004146741090007874,0.0033258389695595414,0.003530568793831435,tracking_error,0.0,1.0,Optimization terminated successfully
2021-03,2021-04,100,value_weighted,representative,2016-04,2021-03,49,drop,11,2016-05;2016-06;2016-07;2016-10;2017-06;2017-09;2017-11;2018-10;2019-07;2019-08;2020-04,449,0.9553216418509383,100,0.2098489684956333,0.0488209596055635,0.005370472273393219,0.014946981837691182,cluster_mass,0.0,1.0,not applicable
2021-04,2021-05,25,equal_weighted,optimized,2016-05,2021-04,49,drop,11,2016-05;2016-06;2016-07;2016-10;2017-06;2017-09;2017-11;2018-10;2019-07;2019-08;2020-04,449,0.898,16,0.32378136869547425,0.04907236841398537,0.0037273655401670216,0.01450767482084586,tracking_error,0.0,1.0,Optimization terminated successfully
2021-04,2021-05,25,equal_weighted,representative,2016-05,2021-04,49,drop,11,2016-05;2016-06;2016-07;2016-10;2017-06;2017-09;2017-11;2018-10;2019-07;2019-08;2020-04,449,0.898,25,0.7661469933184856,0.08684182676072696,0.007440053422389892,0.025903422219748406,cluster_mass,0.0,1.0,not applicable
2021-04,2021-05,25,value_weighted,optimized,2016-05,2021-04,49,drop,11,2016-05;2016-06;2016-07;2016-10;2017-06;2017-09;2017-11;2018-10;2019-07;2019-08;2020-04,449,0.9540237386706587,19,0.25992720943659436,0.04957669501639688,0.001224559799106212,0.014217603735763841,tracking_error,0.0,1.0,Optimization terminated successfully
2021-04,2021-05,25,value_weighted,representative,2016-05,2021-04,49,drop,11,2016-05;2016-06;2016-07;2016-10;2017-06;2017-09;2017-11;2018-10;2019-07;2019-08;2020-04,449,0.9540237386706587,25,0.8115918685353427,0.09794506641932427,0.006780821799212569,0.028794111434885118,cluster_mass,0.0,1.0,not applicable
2021-04,2021-05,50,equal_weighted,optimized,2016-05,2021-04,49,drop,11,2016-05;2016-06;2016-07;2016-10;2017-06;2017-09;2017-11;2018-10;2019-07;2019-08;2020-04,449,0.8980000000000001,25,0.1592169256427535,0.023967268447772756,0.007431785612420631,0.010105626094621593,tracking_error,0.0,1.0,Optimization terminated successfully
2021-04,2021-05,50,equal_weighted,representative,2016-05,2021-04,49,drop,11,2016-05;2016-06;2016-07;2016-10;2017-06;2017-09;2017-11;2018-10;2019-07;2019-08;2020-04,449,0.8980000000000001,50,0.5567928730512248,0.09591411361786129,0.008487877566746961,0.028688413354173554,cluster_mass,0.0,1.0,not applicable
2021-04,2021-05,50,value_weighted,optimized,2016-05,2021-04,49,drop,11,2016-05;2016-06;2016-07;2016-10;2017-06;2017-09;2017-11;2018-10;2019-07;2019-08;2020-04,449,0.9540237386706588,30,0.12021456616075527,0.02536429778136369,0.004669929943697406,0.008621277009011977,tracking_error,0.0,1.0,Optimization terminated successfully
2021-04,2021-05,50,value_weighted,representative,2016-05,2021-04,49,drop,11,2016-05;2016-06;2016-07;2016-10;2017-06;2017-09;2017-11;2018-10;2019-07;2019-08;2020-04,449,0.9540237386706588,50,0.4269842883304329,0.088454140824151,0.009794824582964736,0.027104307571538883,cluster_mass,0.0,1.0,not applicable
2021-04,2021-05,100,equal_weighted,optimized,2016-05,2021-04,49,drop,11,2016-05;2016-06;2016-07;2016-10;2017-06;2017-09;2017-11;2018-10;2019-07;2019-08;2020-04,449,0.8980000000000001,47,0.1262918538489392,0.0010666100530385481,0.004971780156012115,0.004981111108912099,tracking_error,0.0,1.0,Optimization terminated successfully
2021-04,2021-05,100,equal_weighted,representative,2016-05,2021-04,49,drop,11,2016-05;2016-06;2016-07;2016-10;2017-06;2017-09;2017-11;2018-10;2019-07;2019-08;2020-04,449,0.8980000000000001,100,0.28285077951002224,0.04201164505836349,0.004991163053770279,0.012999675823961545,cluster_mass,0.0,1.0,not applicable
2021-04,2021-05,100,value_weighted,optimized,2016-05,2021-04,49,drop,11,2016-05;2016-06;2016-07;2016-10;2017-06;2017-09;2017-11;2018-10;2019-07;2019-08;2020-04,449,0.9540237386706585,48,0.09814186882527826,0.001256319912882454,0.004488617130817574,0.004502946569317764,tracking_error,0.0,1.0,Optimization terminated successfully
2021-04,2021-05,100,value_weighted,representative,2016-05,2021-04,49,drop,11,2016-05;2016-06;2016-07;2016-10;2017-06;2017-09;2017-11;2018-10;2019-07;2019-08;2020-04,449,0.9540237386706585,100,0.21989100654006033,0.04924560338752402,0.008332401902477657,0.01635232927536096,cluster_mass,0.0,1.0,not applicable
2021-05,2021-06,25,equal_weighted,optimized,2016-06,2021-05,50,drop,10,2016-06;2016-07;2016-10;2017-06;2017-09;2017-11;2018-10;2019-07;2019-08;2020-04,449,0.898,18,0.34584651262684235,0.04743938334965996,0.004927069144382801,0.014424508411572832,tracking_error,0.0,1.0,Optimization terminated successfully
2021-05,2021-06,25,equal_weighted,representative,2016-06,2021-05,50,drop,10,2016-06;2016-07;2016-10;2017-06;2017-09;2017-11;2018-10;2019-07;2019-08;2020-04,449,0.898,25,0.7572383073496659,0.08568431982556088,0.007261230145033407,0.025540282185401633,cluster_mass,0.0,1.0,not applicable
2021-05,2021-06,25,value_weighted,optimized,2016-06,2021-05,50,drop,10,2016-06;2016-07;2016-10;2017-06;2017-09;2017-11;2018-10;2019-07;2019-08;2020-04,449,0.9551102860951011,19,0.30227413292951644,0.04982882998916689,0.0036980294895311173,0.01471212401783195,tracking_error,0.0,1.0,Optimization terminated successfully
2021-05,2021-06,25,value_weighted,representative,2016-06,2021-05,50,drop,10,2016-06;2016-07;2016-10;2017-06;2017-09;2017-11;2018-10;2019-07;2019-08;2020-04,449,0.9551102860951011,25,0.7931615890881761,0.09627755263595394,0.006915366322725338,0.028369360372397234,cluster_mass,0.0,1.0,not applicable
2021-05,2021-06,50,equal_weighted,optimized,2016-06,2021-05,50,drop,10,2016-06;2016-07;2016-10;2017-06;2017-09;2017-11;2018-10;2019-07;2019-08;2020-04,449,0.898,25,0.1860159096332462,0.02474985494656426,0.0049441750167360365,0.008629612837162575,tracking_error,0.0,1.0,Optimization terminated successfully
2021-05,2021-06,50,equal_weighted,representative,2016-06,2021-05,50,drop,10,2016-06;2016-07;2016-10;2017-06;2017-09;2017-11;2018-10;2019-07;2019-08;2020-04,449,0.898,50,0.5389755011135857,0.0664123321870296,0.003455235891135858,0.01929086521722713,cluster_mass,0.0,1.0,not applicable
2021-05,2021-06,50,value_weighted,optimized,2016-06,2021-05,50,drop,10,2016-06;2016-07;2016-10;2017-06;2017-09;2017-11;2018-10;2019-07;2019-08;2020-04,449,0.955110286095101,29,0.2213317299839372,0.023432024788157063,0.0036251568496814685,0.007614567924800792,tracking_error,0.0,1.0,Optimization terminated successfully
2021-05,2021-06,50,value_weighted,representative,2016-06,2021-05,50,drop,10,2016-06;2016-07;2016-10;2017-06;2017-09;2017-11;2018-10;2019-07;2019-08;2020-04,449,0.955110286095101,50,0.41282786102123176,0.07042579470182656,0.0043127948630776545,0.020582757959369802,cluster_mass,0.0,1.0,not applicable
2021-05,2021-06,100,equal_weighted,optimized,2016-06,2021-05,50,drop,10,2016-06;2016-07;2016-10;2017-06;2017-09;2017-11;2018-10;2019-07;2019-08;2020-04,449,0.8980000000000001,44,0.08687482378226201,0.005669410758834444,0.005588325176196688,0.00581844705286775,tracking_error,0.0,1.0,Optimization terminated successfully
2021-05,2021-06,100,equal_weighted,representative,2016-06,2021-05,50,drop,10,2016-06;2016-07;2016-10;2017-06;2017-09;2017-11;2018-10;2019-07;2019-08;2020-04,449,0.8980000000000001,100,0.3028953229398664,0.07327967277276964,0.00496259522298441,0.021521385583137157,cluster_mass,0.0,1.0,not applicable
2021-05,2021-06,100,value_weighted,optimized,2016-06,2021-05,50,drop,10,2016-06;2016-07;2016-10;2017-06;2017-09;2017-11;2018-10;2019-07;2019-08;2020-04,449,0.955110286095101,47,0.08094882865091861,0.002192662472808562,0.004982248881032948,0.005021497621028333,tracking_error,0.0,1.0,Optimization terminated successfully
2021-05,2021-06,100,value_weighted,representative,2016-06,2021-05,50,drop,10,2016-06;2016-07;2016-10;2017-06;2017-09;2017-11;2018-10;2019-07;2019-08;2020-04,449,0.955110286095101,100,0.21351913881440346,0.07371219521309208,0.005615357336613426,0.021800620833829165,cluster_mass,0.0,1.0,not applicable
2021-06,2021-07,25,equal_weighted,optimized,2016-07,2021-06,51,drop,9,2016-07;2016-10;2017-06;2017-09;2017-11;2018-10;2019-07;2019-08;2020-04,446,0.892,15,0.25006548534164336,0.045830493949014894,0.006764440393652101,0.01474319345168716,tracking_error,0.0,1.0,Optimization terminated successfully
2021-06,2021-07,25,equal_weighted,representative,2016-07,2021-06,51,drop,9,2016-07;2016-10;2017-06;2017-09;2017-11;2018-10;2019-07;2019-08;2020-04,446,0.892,25,0.726457399103139,0.081401058122582,0.008544466939242065,0.02478625809589633,cluster_mass,0.0,1.0,not applicable
2021-06,2021-07,25,value_weighted,optimized,2016-07,2021-06,51,drop,9,2016-07;2016-10;2017-06;2017-09;2017-11;2018-10;2019-07;2019-08;2020-04,446,0.9511882469929379,17,0.1899185593432966,0.0424572250069656,0.004371910303245053,0.012899075357040995,tracking_error,0.0,1.0,Optimization terminated successfully
2021-06,2021-07,25,value_weighted,representative,2016-07,2021-06,51,drop,9,2016-07;2016-10;2017-06;2017-09;2017-11;2018-10;2019-07;2019-08;2020-04,446,0.9511882469929379,25,0.7114504143081594,0.09221993449877967,0.008537529254708591,0.027707450812490403,cluster_mass,0.0,1.0,not applicable
2021-06,2021-07,50,equal_weighted,optimized,2016-07,2021-06,51,drop,9,2016-07;2016-10;2017-06;2017-09;2017-11;2018-10;2019-07;2019-08;2020-04,446,0.892,24,0.16196638210493244,0.024723245716356975,0.0045184822897527815,0.008387758883889119,tracking_error,0.0,1.0,Optimization terminated successfully
2021-06,2021-07,50,equal_weighted,representative,2016-07,2021-06,51,drop,9,2016-07;2016-10;2017-06;2017-09;2017-11;2018-10;2019-07;2019-08;2020-04,446,0.892,50,0.5134529147982063,0.06633357731399268,0.0042578242767959225,0.019432393417121295,cluster_mass,0.0,1.0,not applicable
2021-06,2021-07,50,value_weighted,optimized,2016-07,2021-06,51,drop,9,2016-07;2016-10;2017-06;2017-09;2017-11;2018-10;2019-07;2019-08;2020-04,446,0.9511882469929379,28,0.13882715384459127,0.02733930919817346,0.003514348781173521,0.008568303760697516,tracking_error,0.0,1.0,Optimization terminated successfully
2021-06,2021-07,50,value_weighted,representative,2016-07,2021-06,51,drop,9,2016-07;2016-10;2017-06;2017-09;2017-11;2018-10;2019-07;2019-08;2020-04,446,0.9511882469929379,50,0.3894684598193037,0.07014751160828783,0.00502319831927273,0.020669985988610595,cluster_mass,0.0,1.0,not applicable
2021-06,2021-07,100,equal_weighted,optimized,2016-07,2021-06,51,drop,9,2016-07;2016-10;2017-06;2017-09;2017-11;2018-10;2019-07;2019-08;2020-04,446,0.8920000000000001,46,0.14131663921395854,0.004729763553012798,0.004064196834742029,0.0042831488976132785,tracking_error,0.0,1.0,Optimization terminated successfully
2021-06,2021-07,100,equal_weighted,representative,2016-07,2021-06,51,drop,9,2016-07;2016-10;2017-06;2017-09;2017-11;2018-10;2019-07;2019-08;2020-04,446,0.8920000000000001,100,0.2690582959641255,0.0429444094938922,0.002885073771212516,0.012609338117250013,cluster_mass,0.0,1.0,not applicable
2021-06,2021-07,100,value_weighted,optimized,2016-07,2021-06,51,drop,9,2016-07;2016-10;2017-06;2017-09;2017-11;2018-10;2019-07;2019-08;2020-04,446,0.9511882469929378,47,0.08709264002103953,0.006051717021715733,0.0055242921512331095,0.005788773766732868,tracking_error,0.0,1.0,Optimization terminated successfully
2021-06,2021-07,100,value_weighted,representative,2016-07,2021-06,51,drop,9,2016-07;2016-10;2017-06;2017-09;2017-11;2018-10;2019-07;2019-08;2020-04,446,0.9511882469929378,100,0.1923585116497815,0.04589687959835907,0.0037309366176946617,0.013638969382927982,cluster_mass,0.0,1.0,not applicable
2021-07,2021-08,25,equal_weighted,optimized,2016-08,2021-07,52,drop,8,2016-10;2017-06;2017-09;2017-11;2018-10;2019-07;2019-08;2020-04,446,0.8920000000000001,17,0.3681070752602876,0.053310423908482306,0.008783673174895798,0.01759067555913437,tracking_error,0.0,1.0,Optimization terminated successfully
2021-07,2021-08,25,equal_weighted,representative,2016-08,2021-07,52,drop,8,2016-10;2017-06;2017-09;2017-11;2018-10;2019-07;2019-08;2020-04,446,0.8920000000000001,25,0.7488789237668161,0.08601934244378184,0.007223578404794754,0.025630700242133337,cluster_mass,0.0,1.0,not applicable
2021-07,2021-08,25,value_weighted,optimized,2016-08,2021-07,52,drop,8,2016-10;2017-06;2017-09;2017-11;2018-10;2019-07;2019-08;2020-04,446,0.9507276353904687,17,0.2766656990599805,0.04751839683297988,0.006231521203548066,0.014945894855878257,tracking_error,0.0,1.0,Optimization terminated successfully
2021-07,2021-08,25,value_weighted,representative,2016-08,2021-07,52,drop,8,2016-10;2017-06;2017-09;2017-11;2018-10;2019-07;2019-08;2020-04,446,0.9507276353904687,25,0.8051712570382917,0.09859242411738323,0.006461014838251733,0.028917224691013464,cluster_mass,0.0,1.0,not applicable
2021-07,2021-08,50,equal_weighted,optimized,2016-08,2021-07,52,drop,8,2016-10;2017-06;2017-09;2017-11;2018-10;2019-07;2019-08;2020-04,446,0.8920000000000001,25,0.14132397455527793,0.026236742241525134,0.0047214764589427,0.00886301727597191,tracking_error,0.0,1.0,Optimization terminated successfully
2021-07,2021-08,50,equal_weighted,representative,2016-08,2021-07,52,drop,8,2016-10;2017-06;2017-09;2017-11;2018-10;2019-07;2019-08;2020-04,446,0.8920000000000001,50,0.6098654708520179,0.07344721402892604,0.0031090855624353224,0.021226457449459193,cluster_mass,0.0,1.0,not applicable
2021-07,2021-08,50,value_weighted,optimized,2016-08,2021-07,52,drop,8,2016-10;2017-06;2017-09;2017-11;2018-10;2019-07;2019-08;2020-04,446,0.9507276353904687,30,0.10886714760848046,0.01970045858312737,0.00396188559994008,0.0068859936451342195,tracking_error,0.0,1.0,Optimization terminated successfully
2021-07,2021-08,50,value_weighted,representative,2016-08,2021-07,52,drop,8,2016-10;2017-06;2017-09;2017-11;2018-10;2019-07;2019-08;2020-04,446,0.9507276353904687,50,0.6582789423651924,0.08904914251392174,0.0025397357640551603,0.025584268746235237,cluster_mass,0.0,1.0,not applicable
2021-07,2021-08,100,equal_weighted,optimized,2016-08,2021-07,52,drop,8,2016-10;2017-06;2017-09;2017-11;2018-10;2019-07;2019-08;2020-04,446,0.8920000000000001,43,0.15806088607486365,0.007307784521316872,0.005952159249238637,0.006308163473084122,tracking_error,0.0,1.0,Optimization terminated successfully
2021-07,2021-08,100,equal_weighted,representative,2016-08,2021-07,52,drop,8,2016-10;2017-06;2017-09;2017-11;2018-10;2019-07;2019-08;2020-04,446,0.8920000000000001,100,0.29372197309417036,0.04287361397517184,0.004616111562780265,0.01309739042190126,cluster_mass,0.0,1.0,not applicable
2021-07,2021-08,100,value_weighted,optimized,2016-08,2021-07,52,drop,8,2016-10;2017-06;2017-09;2017-11;2018-10;2019-07;2019-08;2020-04,446,0.9507276353904687,43,0.1284181324260665,0.004633675169673696,0.00659293759896309,0.006724705427156438,tracking_error,0.0,1.0,Optimization terminated successfully
2021-07,2021-08,100,value_weighted,representative,2016-08,2021-07,52,drop,8,2016-10;2017-06;2017-09;2017-11;2018-10;2019-07;2019-08;2020-04,446,0.9507276353904687,100,0.22615792888634897,0.04158092612256496,0.007284823932252649,0.013941986482996702,cluster_mass,0.0,1.0,not applicable
2021-08,2021-09,25,equal_weighted,optimized,2016-09,2021-08,52,drop,8,2016-10;2017-06;2017-09;2017-11;2018-10;2019-07;2019-08;2020-04,447,0.8940000000000001,20,0.2616091266042877,0.04006147898489231,0.0037744480557610313,0.012058937589522,tracking_error,0.0,1.0,Optimization terminated successfully
2021-08,2021-09,25,equal_weighted,representative,2016-09,2021-08,52,drop,8,2016-10;2017-06;2017-09;2017-11;2018-10;2019-07;2019-08;2020-04,447,0.8940000000000001,25,0.7069351230425055,0.0902071210847267,0.004856435258819477,0.02624223256844785,cluster_mass,0.0,1.0,not applicable
2021-08,2021-09,25,value_weighted,optimized,2016-09,2021-08,52,drop,8,2016-10;2017-06;2017-09;2017-11;2018-10;2019-07;2019-08;2020-04,447,0.951553192328474,20,0.22266004836154588,0.037941637042821844,0.0017878070542451856,0.010993327042955942,tracking_error,0.0,1.0,Optimization terminated successfully
2021-08,2021-09,25,value_weighted,representative,2016-09,2021-08,52,drop,8,2016-10;2017-06;2017-09;2017-11;2018-10;2019-07;2019-08;2020-04,447,0.951553192328474,25,0.6959554001614575,0.10862190833338026,0.00472476213169528,0.031410854088287164,cluster_mass,0.0,1.0,not applicable
2021-08,2021-09,50,equal_weighted,optimized,2016-09,2021-08,52,drop,8,2016-10;2017-06;2017-09;2017-11;2018-10;2019-07;2019-08;2020-04,447,0.8940000000000002,28,0.2198773530642267,0.027055248827935988,0.004129206707652351,0.008767905500094573,tracking_error,0.0,1.0,Optimization terminated successfully
2021-08,2021-09,50,equal_weighted,representative,2016-09,2021-08,52,drop,8,2016-10;2017-06;2017-09;2017-11;2018-10;2019-07;2019-08;2020-04,447,0.8940000000000002,50,0.5950782997762862,0.07145074415679024,0.005387722343658572,0.021125344912568317,cluster_mass,0.0,1.0,not applicable
2021-08,2021-09,50,value_weighted,optimized,2016-09,2021-08,52,drop,8,2016-10;2017-06;2017-09;2017-11;2018-10;2019-07;2019-08;2020-04,447,0.951553192328474,32,0.18451236424193268,0.022957812667481824,0.004359380163900974,0.00787916935052001,tracking_error,0.0,1.0,Optimization terminated successfully
2021-08,2021-09,50,value_weighted,representative,2016-09,2021-08,52,drop,8,2016-10;2017-06;2017-09;2017-11;2018-10;2019-07;2019-08;2020-04,447,0.951553192328474,50,0.583541895461557,0.08610973554790265,0.005615513220342066,0.025249918231931144,cluster_mass,0.0,1.0,not applicable
2021-08,2021-09,100,equal_weighted,optimized,2016-09,2021-08,52,drop,8,2016-10;2017-06;2017-09;2017-11;2018-10;2019-07;2019-08;2020-04,447,0.8940000000000001,38,0.09919415012659792,0.012725083719101471,0.004105145531207281,0.005485134443397267,tracking_error,0.0,1.0,Optimization terminated successfully
2021-08,2021-09,100,equal_weighted,representative,2016-09,2021-08,52,drop,8,2016-10;2017-06;2017-09;2017-11;2018-10;2019-07;2019-08;2020-04,447,0.8940000000000001,100,0.33333333333333326,0.0460425796311852,0.007025865821545338,0.014920637134102022,cluster_mass,0.0,1.0,not applicable
2021-08,2021-09,100,value_weighted,optimized,2016-09,2021-08,52,drop,8,2016-10;2017-06;2017-09;2017-11;2018-10;2019-07;2019-08;2020-04,447,0.951553192328474,41,0.111098600023896,0.012206797715731113,0.005712861278651372,0.006694411973578076,tracking_error,0.0,1.0,Optimization terminated successfully
2021-08,2021-09,100,value_weighted,representative,2016-09,2021-08,52,drop,8,2016-10;2017-06;2017-09;2017-11;2018-10;2019-07;2019-08;2020-04,447,0.951553192328474,100,0.218917191515031,0.0647986424049397,0.00910554647296166,0.020641883777602968,cluster_mass,0.0,1.0,not applicable
2021-09,2021-10,25,equal_weighted,optimized,2016-10,2021-09,52,drop,8,2016-10;2017-06;2017-09;2017-11;2018-10;2019-07;2019-08;2020-04,444,0.888,18,0.3060162363927175,0.048558386789106296,0.0015772878481592077,0.013971478133244118,tracking_error,0.0,1.0,Optimization terminated successfully
2021-09,2021-10,25,equal_weighted,representative,2016-10,2021-09,52,drop,8,2016-10;2017-06;2017-09;2017-11;2018-10;2019-07;2019-08;2020-04,444,0.888,25,0.7477477477477478,0.1023127077216571,0.0029440169611919626,0.029397550084608735,cluster_mass,0.0,1.0,not applicable
2021-09,2021-10,25,value_weighted,optimized,2016-10,2021-09,52,drop,8,2016-10;2017-06;2017-09;2017-11;2018-10;2019-07;2019-08;2020-04,444,0.9488419397477863,17,0.27365363414244415,0.04097242634473121,0.0002657446717955238,0.011716454622938717,tracking_error,0.0,1.0,Optimization terminated successfully
2021-09,2021-10,25,value_weighted,representative,2016-10,2021-09,52,drop,8,2016-10;2017-06;2017-09;2017-11;2018-10;2019-07;2019-08;2020-04,444,0.9488419397477863,25,0.8016415078676861,0.1177661064334788,0.002402646606650468,0.033753295625813896,cluster_mass,0.0,1.0,not applicable
2021-09,2021-10,50,equal_weighted,optimized,2016-10,2021-09,52,drop,8,2016-10;2017-06;2017-09;2017-11;2018-10;2019-07;2019-08;2020-04,444,0.888,28,0.12909348040307708,0.02714791795225531,0.0026283375805147054,0.008194175226702112,tracking_error,0.0,1.0,Optimization terminated successfully
2021-09,2021-10,50,equal_weighted,representative,2016-10,2021-09,52,drop,8,2016-10;2017-06;2017-09;2017-11;2018-10;2019-07;2019-08;2020-04,444,0.888,50,0.5157657657657658,0.06836609599796585,0.004074347522522523,0.019965060394395134,cluster_mass,0.0,1.0,not applicable
2021-09,2021-10,50,value_weighted,optimized,2016-10,2021-09,52,drop,8,2016-10;2017-06;2017-09;2017-11;2018-10;2019-07;2019-08;2020-04,444,0.9488419397477863,28,0.14353765023152015,0.02584640405718909,0.00257657591572685,0.007825464130737628,tracking_error,0.0,1.0,Optimization terminated successfully
2021-09,2021-10,50,value_weighted,representative,2016-10,2021-09,52,drop,8,2016-10;2017-06;2017-09;2017-11;2018-10;2019-07;2019-08;2020-04,444,0.9488419397477863,50,0.3567809621698003,0.06633273071271498,0.00497795910559694,0.01960607070563046,cluster_mass,0.0,1.0,not applicable
2021-09,2021-10,100,equal_weighted,optimized,2016-10,2021-09,52,drop,8,2016-10;2017-06;2017-09;2017-11;2018-10;2019-07;2019-08;2020-04,444,0.8880000000000001,37,0.10432721495032642,0.009972137635497046,0.002826723747502327,0.00401471832967476,tracking_error,0.0,1.0,Optimization terminated successfully
2021-09,2021-10,100,equal_weighted,representative,2016-10,2021-09,52,drop,8,2016-10;2017-06;2017-09;2017-11;2018-10;2019-07;2019-08;2020-04,444,0.8880000000000001,100,0.33108108108108103,0.047730521967784295,0.0046376472020097,0.014412044717442929,cluster_mass,0.0,1.0,not applicable
2021-09,2021-10,100,value_weighted,optimized,2016-10,2021-09,52,drop,8,2016-10;2017-06;2017-09;2017-11;2018-10;2019-07;2019-08;2020-04,444,0.9488419397477861,41,0.07978294013350358,0.00985851048716839,0.004319749303190996,0.00515787419606147,tracking_error,0.0,1.0,Optimization terminated successfully
2021-09,2021-10,100,value_weighted,representative,2016-10,2021-09,52,drop,8,2016-10;2017-06;2017-09;2017-11;2018-10;2019-07;2019-08;2020-04,444,0.9488419397477861,100,0.22799960067642094,0.05256285887330073,0.005612022738482686,0.016040729184622366,cluster_mass,0.0,1.0,not applicable
2021-10,2021-11,25,equal_weighted,optimized,2016-11,2021-10,53,drop,7,2017-06;2017-09;2017-11;2018-10;2019-07;2019-08;2020-04,443,0.8860000000000001,17,0.347545512646439,0.04562128341742694,0.0033227578688509434,0.013461427299505177,tracking_error,0.0,1.0,Optimization terminated successfully
2021-10,2021-11,25,equal_weighted,representative,2016-11,2021-10,53,drop,7,2017-06;2017-09;2017-11;2018-10;2019-07;2019-08;2020-04,443,0.8860000000000001,25,0.7200902934537246,0.09479091555518876,0.002242333611908514,0.02719699753101111,cluster_mass,0.0,1.0,not applicable
2021-10,2021-11,25,value_weighted,optimized,2016-11,2021-10,53,drop,7,2017-06;2017-09;2017-11;2018-10;2019-07;2019-08;2020-04,443,0.9493970353081906,19,0.31415788770353464,0.04292017907522071,0.0022150899300761957,0.012470845536380825,tracking_error,0.0,1.0,Optimization terminated successfully
2021-10,2021-11,25,value_weighted,representative,2016-11,2021-10,53,drop,7,2017-06;2017-09;2017-11;2018-10;2019-07;2019-08;2020-04,443,0.9493970353081906,25,0.7238270829772623,0.11094027334669442,0.0028974756901881,0.03185418214969961,cluster_mass,0.0,1.0,not applicable
2021-10,2021-11,50,equal_weighted,optimized,2016-11,2021-10,53,drop,7,2017-06;2017-09;2017-11;2018-10;2019-07;2019-08;2020-04,443,0.8860000000000001,25,0.1906256406631858,0.026702205956924012,0.0010677228066898006,0.007709492036091191,tracking_error,0.0,1.0,Optimization terminated successfully
2021-10,2021-11,50,equal_weighted,representative,2016-11,2021-10,53,drop,7,2017-06;2017-09;2017-11;2018-10;2019-07;2019-08;2020-04,443,0.8860000000000001,50,0.5169300225733634,0.06872659638763275,0.00339622755969164,0.019942913680325875,cluster_mass,0.0,1.0,not applicable
2021-10,2021-11,50,value_weighted,optimized,2016-11,2021-10,53,drop,7,2017-06;2017-09;2017-11;2018-10;2019-07;2019-08;2020-04,443,0.9493970353081908,28,0.16698665391190254,0.029078209177926532,0.0008504200640819425,0.008357966225306825,tracking_error,0.0,1.0,Optimization terminated successfully
2021-10,2021-11,50,value_weighted,representative,2016-11,2021-10,53,drop,7,2017-06;2017-09;2017-11;2018-10;2019-07;2019-08;2020-04,443,0.9493970353081908,50,0.40613028066074475,0.07694861384788111,0.00574376476084901,0.02273994377192253,cluster_mass,0.0,1.0,not applicable
2021-10,2021-11,100,equal_weighted,optimized,2016-11,2021-10,53,drop,7,2017-06;2017-09;2017-11;2018-10;2019-07;2019-08;2020-04,443,0.8860000000000001,43,0.13797696969352638,0.007853272565725591,0.0030922431096378792,0.0038215817087418756,tracking_error,0.0,1.0,Optimization terminated successfully
2021-10,2021-11,100,equal_weighted,representative,2016-11,2021-10,53,drop,7,2017-06;2017-09;2017-11;2018-10;2019-07;2019-08;2020-04,443,0.8860000000000001,100,0.29119638826185096,0.04206410348088129,0.003655087477064608,0.012570866056280904,cluster_mass,0.0,1.0,not applicable
2021-10,2021-11,100,value_weighted,optimized,2016-11,2021-10,53,drop,7,2017-06;2017-09;2017-11;2018-10;2019-07;2019-08;2020-04,443,0.9493970353081906,43,0.10879967779998836,0.0075073631552870935,0.0042240798642250235,0.004738242503362424,tracking_error,0.0,1.0,Optimization terminated successfully
2021-10,2021-11,100,value_weighted,representative,2016-11,2021-10,53,drop,7,2017-06;2017-09;2017-11;2018-10;2019-07;2019-08;2020-04,443,0.9493970353081906,100,0.20598836142135352,0.047863209184395725,0.005304869883489569,0.014678107984560353,cluster_mass,0.0,1.0,not applicable
2021-11,2021-12,25,equal_weighted,optimized,2016-12,2021-11,53,drop,7,2017-06;2017-09;2017-11;2018-10;2019-07;2019-08;2020-04,445,0.89,17,0.38982698245081904,0.047829558077229654,0.0016983513824441376,0.013781375940133192,tracking_error,0.0,1.0,Optimization terminated successfully
2021-11,2021-12,25,equal_weighted,representative,2016-12,2021-11,53,drop,7,2017-06;2017-09;2017-11;2018-10;2019-07;2019-08;2020-04,445,0.89,25,0.7617977528089888,0.09942843530804332,0.0015508367101971603,0.02847271547837032,cluster_mass,0.0,1.0,not applicable
2021-11,2021-12,25,value_weighted,optimized,2016-12,2021-11,53,drop,7,2017-06;2017-09;2017-11;2018-10;2019-07;2019-08;2020-04,445,0.950025045149098,18,0.3279869463230141,0.047289513812896755,5.086091688081792e-05,0.013522003224888121,tracking_error,0.0,1.0,Optimization terminated successfully
2021-11,2021-12,25,value_weighted,representative,2016-12,2021-11,53,drop,7,2017-06;2017-09;2017-11;2018-10;2019-07;2019-08;2020-04,445,0.950025045149098,25,0.8012498624277397,0.1243531854384576,0.0013493903363870925,0.035582997786422405,cluster_mass,0.0,1.0,not applicable
2021-11,2021-12,50,equal_weighted,optimized,2016-12,2021-11,53,drop,7,2017-06;2017-09;2017-11;2018-10;2019-07;2019-08;2020-04,445,0.8899999999999999,27,0.21190942881156488,0.02851951430187842,0.0024484871058690653,0.008514484224659885,tracking_error,0.0,1.0,Optimization terminated successfully
2021-11,2021-12,50,equal_weighted,representative,2016-12,2021-11,53,drop,7,2017-06;2017-09;2017-11;2018-10;2019-07;2019-08;2020-04,445,0.8899999999999999,50,0.5617977528089888,0.07173697787821566,0.002589940716981134,0.020675245887699024,cluster_mass,0.0,1.0,not applicable
2021-11,2021-12,50,value_weighted,optimized,2016-12,2021-11,53,drop,7,2017-06;2017-09;2017-11;2018-10;2019-07;2019-08;2020-04,445,0.9500250451490981,25,0.15883422280350104,0.028811070568065807,0.0017157407864139829,0.008414972467716195,tracking_error,0.0,1.0,Optimization terminated successfully
2021-11,2021-12,50,value_weighted,representative,2016-12,2021-11,53,drop,7,2017-06;2017-09;2017-11;2018-10;2019-07;2019-08;2020-04,445,0.9500250451490981,50,0.49544372027902667,0.08234450476750164,0.0038255105844856503,0.02385423732728404,cluster_mass,0.0,1.0,not applicable
2021-11,2021-12,100,equal_weighted,optimized,2016-12,2021-11,53,drop,7,2017-06;2017-09;2017-11;2018-10;2019-07;2019-08;2020-04,445,0.8900000000000001,39,0.18144093405961376,0.00925155136271907,0.0052704589837410205,0.0058970976551840125,tracking_error,0.0,1.0,Optimization terminated successfully
2021-11,2021-12,100,equal_weighted,representative,2016-12,2021-11,53,drop,7,2017-06;2017-09;2017-11;2018-10;2019-07;2019-08;2020-04,445,0.8900000000000001,100,0.2876404494382022,0.045268539077205315,0.0032225754424422244,0.013339151717221361,cluster_mass,0.0,1.0,not applicable
2021-11,2021-12,100,value_weighted,optimized,2016-12,2021-11,53,drop,7,2017-06;2017-09;2017-11;2018-10;2019-07;2019-08;2020-04,445,0.9500250451490981,42,0.17050505680627961,0.00988346192364135,0.004518982381139139,0.0053299012550325426,tracking_error,0.0,1.0,Optimization terminated successfully
2021-11,2021-12,100,value_weighted,representative,2016-12,2021-11,53,drop,7,2017-06;2017-09;2017-11;2018-10;2019-07;2019-08;2020-04,445,0.9500250451490981,100,0.2085113898364446,0.05221122740288934,0.004990702099528602,0.01574130279063038,cluster_mass,0.0,1.0,not applicable
2021-12,2022-01,25,equal_weighted,optimized,2017-01,2021-12,53,drop,7,2017-06;2017-09;2017-11;2018-10;2019-07;2019-08;2020-04,450,0.9000000000000001,19,0.3622244716020281,0.04932470375448198,0.0022577631038579998,0.014283417131876471,tracking_error,0.0,1.0,Optimization terminated successfully
2021-12,2022-01,25,equal_weighted,representative,2017-01,2021-12,53,drop,7,2017-06;2017-09;2017-11;2018-10;2019-07;2019-08;2020-04,450,0.9000000000000001,25,0.7355555555555555,0.09581095732417894,0.0020755994926624725,0.027474585634620356,cluster_mass,0.0,1.0,not applicable
2021-12,2022-01,25,value_weighted,optimized,2017-01,2021-12,53,drop,7,2017-06;2017-09;2017-11;2018-10;2019-07;2019-08;2020-04,450,0.95667205737672,17,0.29648464282815823,0.04981582650434874,0.0013928232441194643,0.014312212428630284,tracking_error,0.0,1.0,Optimization terminated successfully
2021-12,2022-01,25,value_weighted,representative,2017-01,2021-12,53,drop,7,2017-06;2017-09;2017-11;2018-10;2019-07;2019-08;2020-04,450,0.95667205737672,25,0.7712833029488512,0.11850989902410919,0.001965461864547481,0.03394353187070719,cluster_mass,0.0,1.0,not applicable
2021-12,2022-01,50,equal_weighted,optimized,2017-01,2021-12,53,drop,7,2017-06;2017-09;2017-11;2018-10;2019-07;2019-08;2020-04,450,0.8999999999999999,25,0.2265962088479406,0.03166550018725863,0.002972091771986217,0.00952971193414463,tracking_error,0.0,1.0,Optimization terminated successfully
2021-12,2022-01,50,equal_weighted,representative,2017-01,2021-12,53,drop,7,2017-06;2017-09;2017-11;2018-10;2019-07;2019-08;2020-04,450,0.8999999999999999,50,0.54,0.08250682912583875,0.00597121215513627,0.024335845089999315,cluster_mass,0.0,1.0,not applicable
2021-12,2022-01,50,value_weighted,optimized,2017-01,2021-12,53,drop,7,2017-06;2017-09;2017-11;2018-10;2019-07;2019-08;2020-04,450,0.95667205737672,25,0.17689120627609564,0.028967095147663987,0.0032227028936653375,0.008887680765674182,tracking_error,0.0,1.0,Optimization terminated successfully
2021-12,2022-01,50,value_weighted,representative,2017-01,2021-12,53,drop,7,2017-06;2017-09;2017-11;2018-10;2019-07;2019-08;2020-04,450,0.95667205737672,50,0.4014319615709849,0.15271267320113238,0.014594334249369092,0.04604080958339757,cluster_mass,0.0,1.0,not applicable
2021-12,2022-01,100,equal_weighted,optimized,2017-01,2021-12,53,drop,7,2017-06;2017-09;2017-11;2018-10;2019-07;2019-08;2020-04,450,0.9000000000000001,40,0.18308897184611786,0.008559561347182058,0.004972734253846528,0.005542417815534912,tracking_error,0.0,1.0,Optimization terminated successfully
2021-12,2022-01,100,equal_weighted,representative,2017-01,2021-12,53,drop,7,2017-06;2017-09;2017-11;2018-10;2019-07;2019-08;2020-04,450,0.9000000000000001,100,0.3022222222222222,0.04682879301027658,0.004833460373165616,0.014235834411626864,cluster_mass,0.0,1.0,not applicable
2021-12,2022-01,100,value_weighted,optimized,2017-01,2021-12,53,drop,7,2017-06;2017-09;2017-11;2018-10;2019-07;2019-08;2020-04,450,0.95667205737672,42,0.18593897684815205,0.009943716961265163,0.006194143931404526,0.006815551592873752,tracking_error,0.0,1.0,Optimization terminated successfully
2021-12,2022-01,100,value_weighted,representative,2017-01,2021-12,53,drop,7,2017-06;2017-09;2017-11;2018-10;2019-07;2019-08;2020-04,450,0.95667205737672,100,0.19433990283117875,0.09229344317380857,0.010382063447279039,0.028359019826063002,cluster_mass,0.0,1.0,not applicable
2022-01,2022-02,25,equal_weighted,optimized,2017-02,2022-01,53,drop,7,2017-06;2017-09;2017-11;2018-10;2019-07;2019-08;2020-04,454,0.9080000000000001,19,0.30635356248732615,0.0511956134673487,0.0050634112846750885,0.015489770245297099,tracking_error,0.0,1.0,Optimization terminated successfully
2022-01,2022-02,25,equal_weighted,representative,2017-02,2022-01,53,drop,7,2017-06;2017-09;2017-11;2018-10;2019-07;2019-08;2020-04,454,0.9080000000000001,25,0.7466960352422907,0.09903197448873273,0.001646107417837251,0.02836489028014255,cluster_mass,0.0,1.0,not applicable
2022-01,2022-02,25,value_weighted,optimized,2017-02,2022-01,53,drop,7,2017-06;2017-09;2017-11;2018-10;2019-07;2019-08;2020-04,454,0.9636735344578421,21,0.2628464075695072,0.051585559482445024,0.002929573314508328,0.01503842267286004,tracking_error,0.0,1.0,Optimization terminated successfully
2022-01,2022-02,25,value_weighted,representative,2017-02,2022-01,53,drop,7,2017-06;2017-09;2017-11;2018-10;2019-07;2019-08;2020-04,454,0.9636735344578421,25,0.7847298673866928,0.11788747762676868,0.0006355677296266789,0.03371459693795527,cluster_mass,0.0,1.0,not applicable
2022-01,2022-02,50,equal_weighted,optimized,2017-02,2022-01,53,drop,7,2017-06;2017-09;2017-11;2018-10;2019-07;2019-08;2020-04,454,0.9080000000000001,28,0.1588913666582357,0.025773522362265,0.004803606691603131,0.008796953173529822,tracking_error,0.0,1.0,Optimization terminated successfully
2022-01,2022-02,50,equal_weighted,representative,2017-02,2022-01,53,drop,7,2017-06;2017-09;2017-11;2018-10;2019-07;2019-08;2020-04,454,0.9080000000000001,50,0.566079295154185,0.07319266576001757,0.004728371360984122,0.02145611346437745,cluster_mass,0.0,1.0,not applicable
2022-01,2022-02,50,value_weighted,optimized,2017-02,2022-01,53,drop,7,2017-06;2017-09;2017-11;2018-10;2019-07;2019-08;2020-04,454,0.9636735344578421,28,0.1376690445863026,0.027797026507332203,0.003669386008868082,0.008754373379617634,tracking_error,0.0,1.0,Optimization terminated successfully
2022-01,2022-02,50,value_weighted,representative,2017-02,2022-01,53,drop,7,2017-06;2017-09;2017-11;2018-10;2019-07;2019-08;2020-04,454,0.9636735344578421,50,0.44809637536539143,0.08486275393167697,0.006431217203767095,0.02510334103701538,cluster_mass,0.0,1.0,not applicable
2022-01,2022-02,100,equal_weighted,optimized,2017-02,2022-01,53,drop,7,2017-06;2017-09;2017-11;2018-10;2019-07;2019-08;2020-04,454,0.908,45,0.07474313184528576,0.011063905674098694,0.004223408031535801,0.005276887425119039,tracking_error,0.0,1.0,Optimization terminated successfully
2022-01,2022-02,100,equal_weighted,representative,2017-02,2022-01,53,drop,7,2017-06;2017-09;2017-11;2018-10;2019-07;2019-08;2020-04,454,0.908,100,0.33039647577092507,0.04759664826917031,0.005937469357825616,0.01484851077419543,cluster_mass,0.0,1.0,not applicable
2022-01,2022-02,100,value_weighted,optimized,2017-02,2022-01,53,drop,7,2017-06;2017-09;2017-11;2018-10;2019-07;2019-08;2020-04,454,0.9636735344578422,45,0.09065799535029773,0.008590538108209828,0.006058423760342421,0.006537449322758013,tracking_error,0.0,1.0,Optimization terminated successfully
2022-01,2022-02,100,value_weighted,representative,2017-02,2022-01,53,drop,7,2017-06;2017-09;2017-11;2018-10;2019-07;2019-08;2020-04,454,0.9636735344578422,100,0.2749933490382435,0.09365703576246327,0.009158768635772651,0.02830302430074503,cluster_mass,0.0,1.0,not applicable
2022-02,2022-03,25,equal_weighted,optimized,2017-03,2022-02,53,drop,7,2017-06;2017-09;2017-11;2018-10;2019-07;2019-08;2020-04,455,0.9100000000000001,17,0.3144908296471647,0.05061548540942709,0.00603687540655306,0.01568150579288231,tracking_error,0.0,1.0,Optimization terminated successfully
2022-02,2022-03,25,equal_weighted,representative,2017-03,2022-02,53,drop,7,2017-06;2017-09;2017-11;2018-10;2019-07;2019-08;2020-04,455,0.9100000000000001,25,0.7516483516483516,0.09791752984483508,0.0024968498478125634,0.02810953436905016,cluster_mass,0.0,1.0,not applicable
2022-02,2022-03,25,value_weighted,optimized,2017-03,2022-02,53,drop,7,2017-06;2017-09;2017-11;2018-10;2019-07;2019-08;2020-04,455,0.9645251939540312,17,0.2578760677331256,0.050658406677090144,0.0047799878906043085,0.01525350591003669,tracking_error,0.0,1.0,Optimization terminated successfully
2022-02,2022-03,25,value_weighted,representative,2017-03,2022-02,53,drop,7,2017-06;2017-09;2017-11;2018-10;2019-07;2019-08;2020-04,455,0.9645251939540312,25,0.7637531187162706,0.11293027374319661,0.0024770843717681593,0.032386019096186026,cluster_mass,0.0,1.0,not applicable
2022-02,2022-03,50,equal_weighted,optimized,2017-03,2022-02,53,drop,7,2017-06;2017-09;2017-11;2018-10;2019-07;2019-08;2020-04,455,0.9100000000000001,30,0.19338314590378874,0.03225384774993614,0.005803754722080152,0.010896807703374032,tracking_error,0.0,1.0,Optimization terminated successfully
2022-02,2022-03,50,equal_weighted,representative,2017-03,2022-02,53,drop,7,2017-06;2017-09;2017-11;2018-10;2019-07;2019-08;2020-04,455,0.9100000000000001,50,0.5846153846153845,0.0761928693028771,0.004742844622848847,0.022296773431491956,cluster_mass,0.0,1.0,not applicable
2022-02,2022-03,50,value_weighted,optimized,2017-03,2022-02,53,drop,7,2017-06;2017-09;2017-11;2018-10;2019-07;2019-08;2020-04,455,0.9645251939540312,27,0.14775537371149103,0.02914927633404516,0.005270387172063624,0.009861424753987243,tracking_error,0.0,1.0,Optimization terminated successfully
2022-02,2022-03,50,value_weighted,representative,2017-03,2022-02,53,drop,7,2017-06;2017-09;2017-11;2018-10;2019-07;2019-08;2020-04,455,0.9645251939540312,50,0.5178710096134829,0.08003532863743572,0.006897345575259162,0.02390200993796705,cluster_mass,0.0,1.0,not applicable
2022-02,2022-03,100,equal_weighted,optimized,2017-03,2022-02,53,drop,7,2017-06;2017-09;2017-11;2018-10;2019-07;2019-08;2020-04,455,0.9100000000000001,43,0.08419193167839666,0.0068447739413710585,0.0068438461497835525,0.007118202675501599,tracking_error,0.0,1.0,Optimization terminated successfully
2022-02,2022-03,100,equal_weighted,representative,2017-03,2022-02,53,drop,7,2017-06;2017-09;2017-11;2018-10;2019-07;2019-08;2020-04,455,0.9100000000000001,100,0.24395604395604392,0.04323031602823024,0.00480335343479162,0.01326167774980618,cluster_mass,0.0,1.0,not applicable
2022-02,2022-03,100,value_weighted,optimized,2017-03,2022-02,53,drop,7,2017-06;2017-09;2017-11;2018-10;2019-07;2019-08;2020-04,455,0.9645251939540314,43,0.09702010157672486,0.008443453232973627,0.005826965061118286,0.006307330616985362,tracking_error,0.0,1.0,Optimization terminated successfully
2022-02,2022-03,100,value_weighted,representative,2017-03,2022-02,53,drop,7,2017-06;2017-09;2017-11;2018-10;2019-07;2019-08;2020-04,455,0.9645251939540314,100,0.17896806475248522,0.050076494334186976,0.007192487483052987,0.016023741626286156,cluster_mass,0.0,1.0,not applicable
2022-03,2022-04,25,equal_weighted,optimized,2017-04,2022-03,53,drop,7,2017-06;2017-09;2017-11;2018-10;2019-07;2019-08;2020-04,459,0.9180000000000001,19,0.4157830253880108,0.0620472655587793,0.006547888406058971,0.01891146554044718,tracking_error,0.0,1.0,Optimization terminated successfully
2022-03,2022-04,25,equal_weighted,representative,2017-04,2022-03,53,drop,7,2017-06;2017-09;2017-11;2018-10;2019-07;2019-08;2020-04,459,0.9180000000000001,25,0.7538126361655773,0.10535381127748121,0.003066980796481275,0.030280465212142133,cluster_mass,0.0,1.0,not applicable
2022-03,2022-04,25,value_weighted,optimized,2017-04,2022-03,53,drop,7,2017-06;2017-09;2017-11;2018-10;2019-07;2019-08;2020-04,459,0.9677541442046932,20,0.35684766396932693,0.0634003448701106,0.0037533221426915707,0.01851308383082554,tracking_error,0.0,1.0,Optimization terminated successfully
2022-03,2022-04,25,value_weighted,representative,2017-04,2022-03,53,drop,7,2017-06;2017-09;2017-11;2018-10;2019-07;2019-08;2020-04,459,0.9677541442046932,25,0.7699136040743021,0.1248201755771902,0.0032178789248485055,0.035835700851183795,cluster_mass,0.0,1.0,not applicable
2022-03,2022-04,50,equal_weighted,optimized,2017-04,2022-03,53,drop,7,2017-06;2017-09;2017-11;2018-10;2019-07;2019-08;2020-04,459,0.918,22,0.15952686093366517,0.027336842399106092,0.0054033822696021765,0.00950246185674268,tracking_error,0.0,1.0,Optimization terminated successfully
2022-03,2022-04,50,equal_weighted,representative,2017-04,2022-03,53,drop,7,2017-06;2017-09;2017-11;2018-10;2019-07;2019-08;2020-04,459,0.918,50,0.39651416122004357,0.06059348869703611,0.005507299372549018,0.01818025510203805,cluster_mass,0.0,1.0,not applicable
2022-03,2022-04,50,value_weighted,optimized,2017-04,2022-03,53,drop,7,2017-06;2017-09;2017-11;2018-10;2019-07;2019-08;2020-04,459,0.9677541442046933,26,0.13834248976285102,0.03469728792246967,0.004809426271934928,0.011025552268326735,tracking_error,0.0,1.0,Optimization terminated successfully
2022-03,2022-04,50,value_weighted,representative,2017-04,2022-03,53,drop,7,2017-06;2017-09;2017-11;2018-10;2019-07;2019-08;2020-04,459,0.9677541442046933,50,0.27294555457475855,0.08042512978948875,0.007507683823968218,0.02419115499636369,cluster_mass,0.0,1.0,not applicable
2022-03,2022-04,100,equal_weighted,optimized,2017-04,2022-03,53,drop,7,2017-06;2017-09;2017-11;2018-10;2019-07;2019-08;2020-04,459,0.9180000000000001,43,0.15160505895505721,0.005235495540315284,0.006670070095854534,0.006836003077711753,tracking_error,0.0,1.0,Optimization terminated successfully
2022-03,2022-04,100,equal_weighted,representative,2017-04,2022-03,53,drop,7,2017-06;2017-09;2017-11;2018-10;2019-07;2019-08;2020-04,459,0.9180000000000001,100,0.22657952069716775,0.03948095862036758,0.005747654204628602,0.012668077123891912,cluster_mass,0.0,1.0,not applicable
2022-03,2022-04,100,value_weighted,optimized,2017-04,2022-03,53,drop,7,2017-06;2017-09;2017-11;2018-10;2019-07;2019-08;2020-04,459,0.9677541442046931,44,0.11209719005601436,0.007925417897156522,0.006745702842602659,0.0071161857419212975,tracking_error,0.0,1.0,Optimization terminated successfully
2022-03,2022-04,100,value_weighted,representative,2017-04,2022-03,53,drop,7,2017-06;2017-09;2017-11;2018-10;2019-07;2019-08;2020-04,459,0.9677541442046931,100,0.14322379602488822,0.04313839344536498,0.006861140022959563,0.014114744599320377,cluster_mass,0.0,1.0,not applicable
2022-04,2022-05,25,equal_weighted,optimized,2017-05,2022-04,53,drop,7,2017-06;2017-09;2017-11;2018-10;2019-07;2019-08;2020-04,462,0.9240000000000002,19,0.3437338610788115,0.0552642259665299,0.006155715909876234,0.016958831400267525,tracking_error,0.0,1.0,Optimization terminated successfully
2022-04,2022-05,25,equal_weighted,representative,2017-05,2022-04,53,drop,7,2017-06;2017-09;2017-11;2018-10;2019-07;2019-08;2020-04,462,0.9240000000000002,25,0.7489177489177489,0.10245355442803863,0.0028921539129298356,0.029437863856494138,cluster_mass,0.0,1.0,not applicable
2022-04,2022-05,25,value_weighted,optimized,2017-05,2022-04,53,drop,7,2017-06;2017-09;2017-11;2018-10;2019-07;2019-08;2020-04,462,0.9706869293742205,21,0.32583182418593976,0.05506294885565354,0.00555024602449727,0.016694272752548967,tracking_error,0.0,1.0,Optimization terminated successfully
2022-04,2022-05,25,value_weighted,representative,2017-05,2022-04,53,drop,7,2017-06;2017-09;2017-11;2018-10;2019-07;2019-08;2020-04,462,0.9706869293742205,25,0.7418789227100412,0.11571537312664489,0.0026318750486779446,0.03319202510389589,cluster_mass,0.0,1.0,not applicable
2022-04,2022-05,50,equal_weighted,optimized,2017-05,2022-04,53,drop,7,2017-06;2017-09;2017-11;2018-10;2019-07;2019-08;2020-04,462,0.9240000000000002,23,0.22434589583763534,0.029579632946879247,0.004246069920640737,0.009463946602573487,tracking_error,0.0,1.0,Optimization terminated successfully
2022-04,2022-05,50,equal_weighted,representative,2017-05,2022-04,53,drop,7,2017-06;2017-09;2017-11;2018-10;2019-07;2019-08;2020-04,462,0.9240000000000002,50,0.3982683982683982,0.060495444877365655,0.003818446447439352,0.01771443462372481,cluster_mass,0.0,1.0,not applicable
2022-04,2022-05,50,value_weighted,optimized,2017-05,2022-04,53,drop,7,2017-06;2017-09;2017-11;2018-10;2019-07;2019-08;2020-04,462,0.9706869293742206,29,0.16629767383718919,0.03267824082933274,0.004509121067008329,0.010375070502999517,tracking_error,0.0,1.0,Optimization terminated successfully
2022-04,2022-05,50,value_weighted,representative,2017-05,2022-04,53,drop,7,2017-06;2017-09;2017-11;2018-10;2019-07;2019-08;2020-04,462,0.9706869293742206,50,0.28657571821907746,0.05860285257149708,0.005396638714630019,0.01760440483774409,cluster_mass,0.0,1.0,not applicable
2022-04,2022-05,100,equal_weighted,optimized,2017-05,2022-04,53,drop,7,2017-06;2017-09;2017-11;2018-10;2019-07;2019-08;2020-04,462,0.9240000000000002,45,0.14317515957619864,0.00318295992920669,0.006276137880200395,0.006341785755668254,tracking_error,0.0,1.0,Optimization terminated successfully
2022-04,2022-05,100,equal_weighted,representative,2017-05,2022-04,53,drop,7,2017-06;2017-09;2017-11;2018-10;2019-07;2019-08;2020-04,462,0.9240000000000002,100,0.2922077922077922,0.043497985394784326,0.004051216397614956,0.01308091313624783,cluster_mass,0.0,1.0,not applicable
2022-04,2022-05,100,value_weighted,optimized,2017-05,2022-04,53,drop,7,2017-06;2017-09;2017-11;2018-10;2019-07;2019-08;2020-04,462,0.9706869293742205,44,0.10836758193484952,0.007034503116495849,0.005823384478022932,0.006160981054509277,tracking_error,0.0,1.0,Optimization terminated successfully
2022-04,2022-05,100,value_weighted,representative,2017-05,2022-04,53,drop,7,2017-06;2017-09;2017-11;2018-10;2019-07;2019-08;2020-04,462,0.9706869293742205,100,0.1880466305169879,0.038759650410437704,0.004788733326683266,0.01207320939552203,cluster_mass,0.0,1.0,not applicable
2022-05,2022-06,25,equal_weighted,optimized,2017-06,2022-05,53,drop,7,2017-06;2017-09;2017-11;2018-10;2019-07;2019-08;2020-04,459,0.9180000000000001,16,0.27163212990395813,0.05111073653870569,0.000995042332046784,0.014648378413580482,tracking_error,0.0,1.0,Optimization terminated successfully
2022-05,2022-06,25,equal_weighted,representative,2017-06,2022-05,53,drop,7,2017-06;2017-09;2017-11;2018-10;2019-07;2019-08;2020-04,459,0.9180000000000001,25,0.747276688453159,0.10250711472478152,0.0019255723276195174,0.02937394517597923,cluster_mass,0.0,1.0,not applicable
2022-05,2022-06,25,value_weighted,optimized,2017-06,2022-05,53,drop,7,2017-06;2017-09;2017-11;2018-10;2019-07;2019-08;2020-04,459,0.9719105711595888,17,0.2719920728743096,0.04520786166289117,0.0003065804965605251,0.012930317475865968,tracking_error,0.0,1.0,Optimization terminated successfully
2022-05,2022-06,25,value_weighted,representative,2017-06,2022-05,53,drop,7,2017-06;2017-09;2017-11;2018-10;2019-07;2019-08;2020-04,459,0.9719105711595888,25,0.7542853982132498,0.11403979875038016,0.0006441104504489183,0.032614765893586764,cluster_mass,0.0,1.0,not applicable
2022-05,2022-06,50,equal_weighted,optimized,2017-06,2022-05,53,drop,7,2017-06;2017-09;2017-11;2018-10;2019-07;2019-08;2020-04,459,0.918,26,0.16324330019485972,0.033610208392434275,0.0023402261638367687,0.009891292183215368,tracking_error,0.0,1.0,Optimization terminated successfully
2022-05,2022-06,50,equal_weighted,representative,2017-06,2022-05,53,drop,7,2017-06;2017-09;2017-11;2018-10;2019-07;2019-08;2020-04,459,0.918,50,0.420479302832244,0.062104866126699104,0.0037288885195050753,0.018145467421108383,cluster_mass,0.0,1.0,not applicable
2022-05,2022-06,50,value_weighted,optimized,2017-06,2022-05,53,drop,7,2017-06;2017-09;2017-11;2018-10;2019-07;2019-08;2020-04,459,0.9719105711595888,24,0.16023586208421403,0.03377773004933199,0.001311741078014233,0.0097470335093584,tracking_error,0.0,1.0,Optimization terminated successfully
2022-05,2022-06,50,value_weighted,representative,2017-06,2022-05,53,drop,7,2017-06;2017-09;2017-11;2018-10;2019-07;2019-08;2020-04,459,0.9719105711595888,50,0.3183526871552495,0.06785382502254986,0.0024375077253505394,0.01955455680368082,cluster_mass,0.0,1.0,not applicable
2022-05,2022-06,100,equal_weighted,optimized,2017-06,2022-05,53,drop,7,2017-06;2017-09;2017-11;2018-10;2019-07;2019-08;2020-04,459,0.9180000000000001,42,0.08026359646614396,0.005512863018677182,0.005633831428201675,0.005850205907184491,tracking_error,0.0,1.0,Optimization terminated successfully
2022-05,2022-06,100,equal_weighted,representative,2017-06,2022-05,53,drop,7,2017-06;2017-09;2017-11;2018-10;2019-07;2019-08;2020-04,459,0.9180000000000001,100,0.2483660130718954,0.04361526502812928,0.00622739404834135,0.01393964458410572,cluster_mass,0.0,1.0,not applicable
2022-05,2022-06,100,value_weighted,optimized,2017-06,2022-05,53,drop,7,2017-06;2017-09;2017-11;2018-10;2019-07;2019-08;2020-04,459,0.9719105711595888,39,0.17468957696006546,0.006938817989530029,0.005896983926046049,0.006221815052278618,tracking_error,0.0,1.0,Optimization terminated successfully
2022-05,2022-06,100,value_weighted,representative,2017-06,2022-05,53,drop,7,2017-06;2017-09;2017-11;2018-10;2019-07;2019-08;2020-04,459,0.9719105711595888,100,0.17188247256703068,0.04723910013087619,0.007331548951062494,0.015368928375982058,cluster_mass,0.0,1.0,not applicable
2022-06,2022-07,25,equal_weighted,optimized,2017-07,2022-06,54,drop,6,2017-09;2017-11;2018-10;2019-07;2019-08;2020-04,459,0.918,18,0.34355539208376396,0.054481790926426125,0.007060145096394749,0.017106152517732138,tracking_error,0.0,1.0,Optimization terminated successfully
2022-06,2022-07,25,equal_weighted,representative,2017-07,2022-06,54,drop,6,2017-09;2017-11;2018-10;2019-07;2019-08;2020-04,459,0.918,25,0.7320261437908497,0.09713975336958018,0.003431539697732592,0.02799210317470788,cluster_mass,0.0,1.0,not applicable
2022-06,2022-07,25,value_weighted,optimized,2017-07,2022-06,54,drop,6,2017-09;2017-11;2018-10;2019-07;2019-08;2020-04,459,0.972165475879266,16,0.28733143740714984,0.0573437044306903,0.006187123804181916,0.01752800615420261,tracking_error,0.0,1.0,Optimization terminated successfully
2022-06,2022-07,25,value_weighted,representative,2017-07,2022-06,54,drop,6,2017-09;2017-11;2018-10;2019-07;2019-08;2020-04,459,0.972165475879266,25,0.7613706224741748,0.11362255173975214,0.001820440023477278,0.03254583518143527,cluster_mass,0.0,1.0,not applicable
2022-06,2022-07,50,equal_weighted,optimized,2017-07,2022-06,54,drop,6,2017-09;2017-11;2018-10;2019-07;2019-08;2020-04,459,0.9180000000000001,27,0.1431486934842577,0.02806534683980671,0.004724697506909285,0.009313746681342324,tracking_error,0.0,1.0,Optimization terminated successfully
2022-06,2022-07,50,equal_weighted,representative,2017-07,2022-06,54,drop,6,2017-09;2017-11;2018-10;2019-07;2019-08;2020-04,459,0.9180000000000001,50,0.6230936819172113,0.07872559147908022,0.0037601866758654057,0.022826545640010444,cluster_mass,0.0,1.0,not applicable
2022-06,2022-07,50,value_weighted,optimized,2017-07,2022-06,54,drop,6,2017-09;2017-11;2018-10;2019-07;2019-08;2020-04,459,0.9721654758792658,24,0.15717352328760026,0.025928119718100703,0.0033405854499632013,0.008132917320719616,tracking_error,0.0,1.0,Optimization terminated successfully
2022-06,2022-07,50,value_weighted,representative,2017-07,2022-06,54,drop,6,2017-09;2017-11;2018-10;2019-07;2019-08;2020-04,459,0.9721654758792658,50,0.5769629056002161,0.08606876753033678,0.004161017129741611,0.024964006454266312,cluster_mass,0.0,1.0,not applicable
2022-06,2022-07,100,equal_weighted,optimized,2017-07,2022-06,54,drop,6,2017-09;2017-11;2018-10;2019-07;2019-08;2020-04,459,0.918,42,0.08385361379935928,0.012629518681834337,0.005697566141723017,0.006745974539713109,tracking_error,0.0,1.0,Optimization terminated successfully
2022-06,2022-07,100,equal_weighted,representative,2017-07,2022-06,54,drop,6,2017-09;2017-11;2018-10;2019-07;2019-08;2020-04,459,0.918,100,0.3311546840958605,0.04663907243231729,0.004895406154603404,0.014208276801158003,cluster_mass,0.0,1.0,not applicable
2022-06,2022-07,100,value_weighted,optimized,2017-07,2022-06,54,drop,6,2017-09;2017-11;2018-10;2019-07;2019-08;2020-04,459,0.972165475879266,47,0.11789064550244656,0.010041334426528348,0.005148462188644182,0.005895203978814204,tracking_error,0.0,1.0,Optimization terminated successfully
2022-06,2022-07,100,value_weighted,representative,2017-07,2022-06,54,drop,6,2017-09;2017-11;2018-10;2019-07;2019-08;2020-04,459,0.972165475879266,100,0.22354694891706123,0.04656863423722252,0.004442071868624371,0.014039414064348945,cluster_mass,0.0,1.0,not applicable
2022-07,2022-08,25,equal_weighted,optimized,2017-08,2022-07,54,drop,6,2017-09;2017-11;2018-10;2019-07;2019-08;2020-04,461,0.9220000000000002,19,0.356016563945847,0.05941013043688918,0.004163982673866302,0.01749349005145833,tracking_error,0.0,1.0,Optimization terminated successfully
2022-07,2022-08,25,equal_weighted,representative,2017-08,2022-07,54,drop,6,2017-09;2017-11;2018-10;2019-07;2019-08;2020-04,461,0.9220000000000002,25,0.7613882863340563,0.10211896018326909,0.0029286450019281743,0.029351446917217985,cluster_mass,0.0,1.0,not applicable
2022-07,2022-08,25,value_weighted,optimized,2017-08,2022-07,54,drop,6,2017-09;2017-11;2018-10;2019-07;2019-08;2020-04,461,0.9723015123839086,18,0.33858200968446317,0.06195067194780587,0.002642849044639592,0.017913285593928487,tracking_error,0.0,1.0,Optimization terminated successfully
2022-07,2022-08,25,value_weighted,representative,2017-08,2022-07,54,drop,6,2017-09;2017-11;2018-10;2019-07;2019-08;2020-04,461,0.9723015123839086,25,0.7589920133451736,0.11710956956056451,0.0028657512322401786,0.033614514003637325,cluster_mass,0.0,1.0,not applicable
2022-07,2022-08,50,equal_weighted,optimized,2017-08,2022-07,54,drop,6,2017-09;2017-11;2018-10;2019-07;2019-08;2020-04,461,0.9220000000000002,26,0.24512772501752797,0.033590054171704915,0.00440900868328025,0.010569885440175534,tracking_error,0.0,1.0,Optimization terminated successfully
2022-07,2022-08,50,equal_weighted,representative,2017-08,2022-07,54,drop,6,2017-09;2017-11;2018-10;2019-07;2019-08;2020-04,461,0.9220000000000002,50,0.6225596529284164,0.07861164434375151,0.003949970261026752,0.022826478119405445,cluster_mass,0.0,1.0,not applicable
2022-07,2022-08,50,value_weighted,optimized,2017-08,2022-07,54,drop,6,2017-09;2017-11;2018-10;2019-07;2019-08;2020-04,461,0.9723015123839086,23,0.19679410636041972,0.03412084220108275,0.0034297527496452316,0.010343397532180571,tracking_error,0.0,1.0,Optimization terminated successfully
2022-07,2022-08,50,value_weighted,representative,2017-08,2022-07,54,drop,6,2017-09;2017-11;2018-10;2019-07;2019-08;2020-04,461,0.9723015123839086,50,0.5847968288983386,0.08980378171970858,0.004732931583355431,0.026115417310430527,cluster_mass,0.0,1.0,not applicable
2022-07,2022-08,100,equal_weighted,optimized,2017-08,2022-07,54,drop,6,2017-09;2017-11;2018-10;2019-07;2019-08;2020-04,461,0.9220000000000002,40,0.10074276423181167,0.010356718690868124,0.005024297972171422,0.005832367565760784,tracking_error,0.0,1.0,Optimization terminated successfully
2022-07,2022-08,100,equal_weighted,representative,2017-08,2022-07,54,drop,6,2017-09;2017-11;2018-10;2019-07;2019-08;2020-04,461,0.9220000000000002,100,0.22993492407809107,0.042532635540028896,0.004147497014461314,0.012851541409643284,cluster_mass,0.0,1.0,not applicable
2022-07,2022-08,100,value_weighted,optimized,2017-08,2022-07,54,drop,6,2017-09;2017-11;2018-10;2019-07;2019-08;2020-04,461,0.9723015123839086,44,0.11085702989314432,0.007871054326208816,0.006433785352770731,0.006816214350268511,tracking_error,0.0,1.0,Optimization terminated successfully
2022-07,2022-08,100,value_weighted,representative,2017-08,2022-07,54,drop,6,2017-09;2017-11;2018-10;2019-07;2019-08;2020-04,461,0.9723015123839086,100,0.2040566946599123,0.04384870705138863,0.003269604430405259,0.012959511125661387,cluster_mass,0.0,1.0,not applicable
2022-08,2022-09,25,equal_weighted,optimized,2017-09,2022-08,54,drop,6,2017-09;2017-11;2018-10;2019-07;2019-08;2020-04,460,0.9200000000000002,18,0.34511419618928046,0.05059955157435486,0.002022930075632248,0.014611662975518466,tracking_error,0.0,1.0,Optimization terminated successfully
2022-08,2022-09,25,equal_weighted,representative,2017-09,2022-08,54,drop,6,2017-09;2017-11;2018-10;2019-07;2019-08;2020-04,460,0.9200000000000002,25,0.7217391304347825,0.09680523642683152,0.002969058104669887,0.027844053427035033,cluster_mass,0.0,1.0,not applicable
2022-08,2022-09,25,value_weighted,optimized,2017-09,2022-08,54,drop,6,2017-09;2017-11;2018-10;2019-07;2019-08;2020-04,460,0.9712521353656877,16,0.28155800786064417,0.049609428896606945,0.0007594286376073325,0.014208097387047001,tracking_error,0.0,1.0,Optimization terminated successfully
2022-08,2022-09,25,value_weighted,representative,2017-09,2022-08,54,drop,6,2017-09;2017-11;2018-10;2019-07;2019-08;2020-04,460,0.9712521353656877,25,0.7384673860800763,0.11252451445159933,0.002913968375734822,0.03231251529751848,cluster_mass,0.0,1.0,not applicable
2022-08,2022-09,50,equal_weighted,optimized,2017-09,2022-08,54,drop,6,2017-09;2017-11;2018-10;2019-07;2019-08;2020-04,460,0.92,25,0.24960386722719227,0.03934287067036045,0.00507308552906126,0.012342446180635468,tracking_error,0.0,1.0,Optimization terminated successfully
2022-08,2022-09,50,equal_weighted,representative,2017-09,2022-08,54,drop,6,2017-09;2017-11;2018-10;2019-07;2019-08;2020-04,460,0.92,50,0.4195652173913043,0.06549413293847468,0.00414688676811594,0.019184209318513824,cluster_mass,0.0,1.0,not applicable
2022-08,2022-09,50,value_weighted,optimized,2017-09,2022-08,54,drop,6,2017-09;2017-11;2018-10;2019-07;2019-08;2020-04,460,0.9712521353656877,24,0.2055965836997188,0.03283604322974648,0.006063417535188818,0.011178175717993582,tracking_error,0.0,1.0,Optimization terminated successfully
2022-08,2022-09,50,value_weighted,representative,2017-09,2022-08,54,drop,6,2017-09;2017-11;2018-10;2019-07;2019-08;2020-04,460,0.9712521353656877,50,0.41298370771176157,0.06651564199108084,0.00440064092764954,0.01952516809078458,cluster_mass,0.0,1.0,not applicable
2022-08,2022-09,100,equal_weighted,optimized,2017-09,2022-08,54,drop,6,2017-09;2017-11;2018-10;2019-07;2019-08;2020-04,460,0.9200000000000002,41,0.06745424669905561,0.007547646329872314,0.003001272530767159,0.0036968867867611605,tracking_error,0.0,1.0,Optimization terminated successfully
2022-08,2022-09,100,equal_weighted,representative,2017-09,2022-08,54,drop,6,2017-09;2017-11;2018-10;2019-07;2019-08;2020-04,460,0.9200000000000002,100,0.29782608695652174,0.045428697305084594,0.004065213821256033,0.013613290689983881,cluster_mass,0.0,1.0,not applicable
2022-08,2022-09,100,value_weighted,optimized,2017-09,2022-08,54,drop,6,2017-09;2017-11;2018-10;2019-07;2019-08;2020-04,460,0.9712521353656877,39,0.11422407437029909,0.009356850279094284,0.0042364865836180725,0.005010847913469235,tracking_error,0.0,1.0,Optimization terminated successfully
2022-08,2022-09,100,value_weighted,representative,2017-09,2022-08,54,drop,6,2017-09;2017-11;2018-10;2019-07;2019-08;2020-04,460,0.9712521353656877,100,0.21571784775658642,0.050704309378553816,0.0033032212491466016,0.014872380659968362,cluster_mass,0.0,1.0,not applicable
2022-09,2022-10,25,equal_weighted,optimized,2017-10,2022-09,55,drop,5,2017-11;2018-10;2019-07;2019-08;2020-04,461,0.922,16,0.4173435564272446,0.05785127840564724,0.0056610219230942725,0.017489249251526517,tracking_error,0.0,1.0,Optimization terminated successfully
2022-09,2022-10,25,equal_weighted,representative,2017-10,2022-09,55,drop,5,2017-11;2018-10;2019-07;2019-08;2020-04,461,0.922,25,0.8438177874186551,0.09996537925888806,0.005432235077815027,0.02910540453199696,cluster_mass,0.0,1.0,not applicable
2022-09,2022-10,25,value_weighted,optimized,2017-10,2022-09,55,drop,5,2017-11;2018-10;2019-07;2019-08;2020-04,461,0.9717245463522193,16,0.395431910837777,0.05544934064233208,0.0055286135162003255,0.01679661135042391,tracking_error,0.0,1.0,Optimization terminated successfully
2022-09,2022-10,25,value_weighted,representative,2017-10,2022-09,55,drop,5,2017-11;2018-10;2019-07;2019-08;2020-04,461,0.9717245463522193,25,0.8414953843518816,0.10522337106622688,0.005254780787347704,0.03055323516427836,cluster_mass,0.0,1.0,not applicable
2022-09,2022-10,50,equal_weighted,optimized,2017-10,2022-09,55,drop,5,2017-11;2018-10;2019-07;2019-08;2020-04,461,0.9220000000000002,29,0.1339203797815323,0.02942681826058197,0.005025426806181414,0.00980328298477024,tracking_error,0.0,1.0,Optimization terminated successfully
2022-09,2022-10,50,equal_weighted,representative,2017-10,2022-09,55,drop,5,2017-11;2018-10;2019-07;2019-08;2020-04,461,0.9220000000000002,50,0.613882863340564,0.08035430880674858,0.0033520788561624917,0.023227597630770116,cluster_mass,0.0,1.0,not applicable
2022-09,2022-10,50,value_weighted,optimized,2017-10,2022-09,55,drop,5,2017-11;2018-10;2019-07;2019-08;2020-04,461,0.9717245463522193,29,0.14602446639532474,0.02726240747908387,0.005108676717066193,0.00932250127962391,tracking_error,0.0,1.0,Optimization terminated successfully
2022-09,2022-10,50,value_weighted,representative,2017-10,2022-09,55,drop,5,2017-11;2018-10;2019-07;2019-08;2020-04,461,0.9717245463522193,50,0.5577371917413684,0.08202140055303474,0.004627244737312465,0.02391326080624433,cluster_mass,0.0,1.0,not applicable
2022-09,2022-10,100,equal_weighted,optimized,2017-10,2022-09,55,drop,5,2017-11;2018-10;2019-07;2019-08;2020-04,461,0.922,45,0.14924016943854165,0.00897304031449746,0.004819212202255728,0.005460076389668026,tracking_error,0.0,1.0,Optimization terminated successfully
2022-09,2022-10,100,equal_weighted,representative,2017-10,2022-09,55,drop,5,2017-11;2018-10;2019-07;2019-08;2020-04,461,0.922,100,0.22559652928416488,0.046916371457975836,0.004019144405363835,0.014008828576577682,cluster_mass,0.0,1.0,not applicable
2022-09,2022-10,100,value_weighted,optimized,2017-10,2022-09,55,drop,5,2017-11;2018-10;2019-07;2019-08;2020-04,461,0.9717245463522193,44,0.1244853605763465,0.00682435900364381,0.005524948863047416,0.005859648977709804,tracking_error,0.0,1.0,Optimization terminated successfully
2022-09,2022-10,100,value_weighted,representative,2017-10,2022-09,55,drop,5,2017-11;2018-10;2019-07;2019-08;2020-04,461,0.9717245463522193,100,0.29139694371611785,0.04906374046132536,0.004966267461655545,0.014886929907436959,cluster_mass,0.0,1.0,not applicable
2022-10,2022-11,25,equal_weighted,optimized,2017-11,2022-10,55,drop,5,2017-11;2018-10;2019-07;2019-08;2020-04,461,0.9219999999999999,17,0.36728022282198447,0.05915458721147109,0.00483153134370165,0.017596795461675484,tracking_error,0.0,1.0,Optimization terminated successfully
2022-10,2022-11,25,equal_weighted,representative,2017-11,2022-10,55,drop,5,2017-11;2018-10;2019-07;2019-08;2020-04,461,0.9219999999999999,25,0.7678958785249458,0.10676638973848993,0.0029704241759021897,0.030683447414533164,cluster_mass,0.0,1.0,not applicable
2022-10,2022-11,25,value_weighted,optimized,2017-11,2022-10,55,drop,5,2017-11;2018-10;2019-07;2019-08;2020-04,461,0.9720849716995554,16,0.313795751588004,0.05474000147486091,0.005311779213567296,0.016534223372562024,tracking_error,0.0,1.0,Optimization terminated successfully
2022-10,2022-11,25,value_weighted,representative,2017-11,2022-10,55,drop,5,2017-11;2018-10;2019-07;2019-08;2020-04,461,0.9720849716995554,25,0.7574845127371335,0.11327908115227346,0.003412778650392754,0.03258144039914771,cluster_mass,0.0,1.0,not applicable
2022-10,2022-11,50,equal_weighted,optimized,2017-11,2022-10,55,drop,5,2017-11;2018-10;2019-07;2019-08;2020-04,461,0.922,27,0.22912590225983478,0.03749298899160397,0.00494690090851098,0.011810403409925495,tracking_error,0.0,1.0,Optimization terminated successfully
2022-10,2022-11,50,equal_weighted,representative,2017-11,2022-10,55,drop,5,2017-11;2018-10;2019-07;2019-08;2020-04,461,0.922,50,0.6377440347071582,0.08872161259849581,0.0036743628862157328,0.02564244077285902,cluster_mass,0.0,1.0,not applicable
2022-10,2022-11,50,value_weighted,optimized,2017-11,2022-10,55,drop,5,2017-11;2018-10;2019-07;2019-08;2020-04,461,0.9720849716995554,25,0.19377379584404353,0.031727061040674194,0.005701670833956385,0.010717637610022587,tracking_error,0.0,1.0,Optimization terminated successfully
2022-10,2022-11,50,value_weighted,representative,2017-11,2022-10,55,drop,5,2017-11;2018-10;2019-07;2019-08;2020-04,461,0.9720849716995554,50,0.5776303176540871,0.09179966723414122,0.004472221698196625,0.02663638907066999,cluster_mass,0.0,1.0,not applicable
2022-10,2022-11,100,equal_weighted,optimized,2017-11,2022-10,55,drop,5,2017-11;2018-10;2019-07;2019-08;2020-04,461,0.9220000000000002,40,0.08985462230041028,0.010083407185244371,0.0040849770974017005,0.005000590939318661,tracking_error,0.0,1.0,Optimization terminated successfully
2022-10,2022-11,100,equal_weighted,representative,2017-11,2022-10,55,drop,5,2017-11;2018-10;2019-07;2019-08;2020-04,461,0.9220000000000002,100,0.26030368763557477,0.04586075819684134,0.003588241923880889,0.013599861327158971,cluster_mass,0.0,1.0,not applicable
2022-10,2022-11,100,value_weighted,optimized,2017-11,2022-10,55,drop,5,2017-11;2018-10;2019-07;2019-08;2020-04,461,0.9720849716995555,43,0.08200580052660357,0.00833922369581427,0.0037520585505658307,0.004446099042976919,tracking_error,0.0,1.0,Optimization terminated successfully
2022-10,2022-11,100,value_weighted,representative,2017-11,2022-10,55,drop,5,2017-11;2018-10;2019-07;2019-08;2020-04,461,0.9720849716995555,100,0.2121197891011695,0.04957901435779166,0.005263959852223333,0.015126956086299326,cluster_mass,0.0,1.0,not applicable
2022-11,2022-12,25,equal_weighted,optimized,2017-12,2022-11,56,drop,4,2018-10;2019-07;2019-08;2020-04,461,0.922,19,0.3802862854657522,0.058908828517208946,0.002662008983590184,0.017061938215012114,tracking_error,0.0,1.0,Optimization terminated successfully
2022-11,2022-12,25,equal_weighted,representative,2017-12,2022-11,56,drop,4,2018-10;2019-07;2019-08;2020-04,461,0.922,25,0.7678958785249457,0.10924873654523758,0.003296080814920977,0.03142786198403548,cluster_mass,0.0,1.0,not applicable
2022-11,2022-12,25,value_weighted,optimized,2017-12,2022-11,56,drop,4,2018-10;2019-07;2019-08;2020-04,461,0.9736009345840877,19,0.3422741943035053,0.06035985661547613,0.0016543632174969604,0.01734718073746318,tracking_error,0.0,1.0,Optimization terminated successfully
2022-11,2022-12,25,value_weighted,representative,2017-12,2022-11,56,drop,4,2018-10;2019-07;2019-08;2020-04,461,0.9736009345840877,25,0.7619053616996967,0.12312572532084952,0.0026499489595121044,0.03532409199082686,cluster_mass,0.0,1.0,not applicable
2022-11,2022-12,50,equal_weighted,optimized,2017-12,2022-11,56,drop,4,2018-10;2019-07;2019-08;2020-04,461,0.922,25,0.24701039496001978,0.036004097369376695,0.005242725126421844,0.011557756785340979,tracking_error,0.0,1.0,Optimization terminated successfully
2022-11,2022-12,50,equal_weighted,representative,2017-12,2022-11,56,drop,4,2018-10;2019-07;2019-08;2020-04,461,0.922,50,0.6399132321041214,0.08962155308847804,0.004258985525178183,0.025990801725893665,cluster_mass,0.0,1.0,not applicable
2022-11,2022-12,50,value_weighted,optimized,2017-12,2022-11,56,drop,4,2018-10;2019-07;2019-08;2020-04,461,0.9736009345840878,24,0.21283650356816983,0.0394255353015109,0.00428188819818323,0.012064517446369168,tracking_error,0.0,1.0,Optimization terminated successfully
2022-11,2022-12,50,value_weighted,representative,2017-12,2022-11,56,drop,4,2018-10;2019-07;2019-08;2020-04,461,0.9736009345840878,50,0.5997519329489499,0.09930603137691468,0.0030009109646077113,0.02856812311267921,cluster_mass,0.0,1.0,not applicable
2022-11,2022-12,100,equal_weighted,optimized,2017-12,2022-11,56,drop,4,2018-10;2019-07;2019-08;2020-04,461,0.922,45,0.08226980310362615,0.007582189698634741,0.003791703243568379,0.0043683250266582565,tracking_error,0.0,1.0,Optimization terminated successfully
2022-11,2022-12,100,equal_weighted,representative,2017-12,2022-11,56,drop,4,2018-10;2019-07;2019-08;2020-04,461,0.922,100,0.24295010845986983,0.048882415584175935,0.005463211431592811,0.015013830371063056,cluster_mass,0.0,1.0,not applicable
2022-11,2022-12,100,value_weighted,optimized,2017-12,2022-11,56,drop,4,2018-10;2019-07;2019-08;2020-04,461,0.9736009345840878,43,0.0984889470200638,0.012132212088132538,0.004641418079647629,0.005795654324534674,tracking_error,0.0,1.0,Optimization terminated successfully
2022-11,2022-12,100,value_weighted,representative,2017-12,2022-11,56,drop,4,2018-10;2019-07;2019-08;2020-04,461,0.9736009345840878,100,0.23503477752532664,0.05517195065678509,0.005974663467136024,0.016876875788281273,cluster_mass,0.0,1.0,not applicable
2022-12,2023-01,25,equal_weighted,optimized,2018-01,2022-12,56,drop,4,2018-10;2019-07;2019-08;2020-04,463,0.926,18,0.25948381158727196,0.053930824720971,0.003196966831871019,0.015756593629382656,tracking_error,0.0,1.0,Optimization terminated successfully
2022-12,2023-01,25,equal_weighted,representative,2018-01,2022-12,56,drop,4,2018-10;2019-07;2019-08;2020-04,463,0.926,25,0.7105831533477321,0.10061121316666752,0.004072760365319345,0.02907017907144632,cluster_mass,0.0,1.0,not applicable
2022-12,2023-01,25,value_weighted,optimized,2018-01,2022-12,56,drop,4,2018-10;2019-07;2019-08;2020-04,463,0.9752239658957891,18,0.24484868942766172,0.05602873530115061,0.0030676454902227738,0.016319944547351032,tracking_error,0.0,1.0,Optimization terminated successfully
2022-12,2023-01,25,value_weighted,representative,2018-01,2022-12,56,drop,4,2018-10;2019-07;2019-08;2020-04,463,0.9752239658957891,25,0.6986490527715371,0.11263201959111595,0.003985813460022614,0.03246803188400938,cluster_mass,0.0,1.0,not applicable
2022-12,2023-01,50,equal_weighted,optimized,2018-01,2022-12,56,drop,4,2018-10;2019-07;2019-08;2020-04,463,0.9260000000000002,28,0.18421455324613,0.02763840475624081,0.0058076733975560004,0.009810663931764404,tracking_error,0.0,1.0,Optimization terminated successfully
2022-12,2023-01,50,equal_weighted,representative,2018-01,2022-12,56,drop,4,2018-10;2019-07;2019-08;2020-04,463,0.9260000000000002,50,0.5788336933045356,0.07976739105026985,0.005188144197469914,0.023402664866153625,cluster_mass,0.0,1.0,not applicable
2022-12,2023-01,50,value_weighted,optimized,2018-01,2022-12,56,drop,4,2018-10;2019-07;2019-08;2020-04,463,0.9752239658957889,25,0.1569776147084722,0.028697367165411995,0.006754065639698811,0.010631093008805423,tracking_error,0.0,1.0,Optimization terminated successfully
2022-12,2023-01,50,value_weighted,representative,2018-01,2022-12,56,drop,4,2018-10;2019-07;2019-08;2020-04,463,0.9752239658957889,50,0.5317666653300029,0.08584532640788531,0.005273689559637832,0.025118991649811084,cluster_mass,0.0,1.0,not applicable
2022-12,2023-01,100,equal_weighted,optimized,2018-01,2022-12,56,drop,4,2018-10;2019-07;2019-08;2020-04,463,0.926,42,0.09692787524894472,0.009919900114751292,0.003651754623529392,0.004624850794864842,tracking_error,0.0,1.0,Optimization terminated successfully
2022-12,2023-01,100,equal_weighted,representative,2018-01,2022-12,56,drop,4,2018-10;2019-07;2019-08;2020-04,463,0.926,100,0.20302375809935205,0.05016110962268295,0.004867812856834309,0.015153528539269769,cluster_mass,0.0,1.0,not applicable
2022-12,2023-01,100,value_weighted,optimized,2018-01,2022-12,56,drop,4,2018-10;2019-07;2019-08;2020-04,463,0.9752239658957889,46,0.10120593406617015,0.009125337343127708,0.004481700309341765,0.0051866209092759985,tracking_error,0.0,1.0,Optimization terminated successfully
2022-12,2023-01,100,value_weighted,representative,2018-01,2022-12,56,drop,4,2018-10;2019-07;2019-08;2020-04,463,0.9752239658957889,100,0.2287203500564428,0.05018409482055694,0.0053349186574834515,0.015316133799727015,cluster_mass,0.0,1.0,not applicable
2023-01,2023-02,25,equal_weighted,optimized,2018-02,2023-01,56,drop,4,2018-10;2019-07;2019-08;2020-04,463,0.926,15,0.44161091476819675,0.05509558098855431,0.0070185448830314455,0.017254074260679916,tracking_error,0.0,1.0,Optimization terminated successfully
2023-01,2023-02,25,equal_weighted,representative,2018-02,2023-01,56,drop,4,2018-10;2019-07;2019-08;2020-04,463,0.926,25,0.7235421166306696,0.09135751079055156,0.006398987096575132,0.0269080533417814,cluster_mass,0.0,1.0,not applicable
2023-01,2023-02,25,value_weighted,optimized,2018-02,2023-01,56,drop,4,2018-10;2019-07;2019-08;2020-04,463,0.9734998379660037,13,0.4027152651371207,0.046164130245133876,0.0077619128954379436,0.015318938673435957,tracking_error,0.0,1.0,Optimization terminated successfully
2023-01,2023-02,25,value_weighted,representative,2018-02,2023-01,56,drop,4,2018-10;2019-07;2019-08;2020-04,463,0.9734998379660037,25,0.7535052215048074,0.09698148392813759,0.006747279873058557,0.02855369785571613,cluster_mass,0.0,1.0,not applicable
2023-01,2023-02,50,equal_weighted,optimized,2018-02,2023-01,56,drop,4,2018-10;2019-07;2019-08;2020-04,463,0.9260000000000002,24,0.26855550984056975,0.03750714933539344,0.00666657913368926,0.012632578241587795,tracking_error,0.0,1.0,Optimization terminated successfully
2023-01,2023-02,50,equal_weighted,representative,2018-02,2023-01,56,drop,4,2018-10;2019-07;2019-08;2020-04,463,0.9260000000000002,50,0.6436285097192224,0.08279873459421432,0.006460697795433505,0.024552827179576065,cluster_mass,0.0,1.0,not applicable
2023-01,2023-02,50,value_weighted,optimized,2018-02,2023-01,56,drop,4,2018-10;2019-07;2019-08;2020-04,463,0.9734998379660037,27,0.24518840224096095,0.0345205774293573,0.0076681748118888875,0.012503337218601958,tracking_error,0.0,1.0,Optimization terminated successfully
2023-01,2023-02,50,value_weighted,representative,2018-02,2023-01,56,drop,4,2018-10;2019-07;2019-08;2020-04,463,0.9734998379660037,50,0.6864425652271334,0.09177190668377035,0.0060213425364652835,0.026936294150815412,cluster_mass,0.0,1.0,not applicable
2023-01,2023-02,100,equal_weighted,optimized,2018-02,2023-01,56,drop,4,2018-10;2019-07;2019-08;2020-04,463,0.926,41,0.09769302978073657,0.010537490082575941,0.006743090080237221,0.007386288137056264,tracking_error,0.0,1.0,Optimization terminated successfully
2023-01,2023-02,100,equal_weighted,representative,2018-02,2023-01,56,drop,4,2018-10;2019-07;2019-08;2020-04,463,0.926,100,0.19654427645788336,0.048525127324846644,0.005166259774760875,0.014812502779014289,cluster_mass,0.0,1.0,not applicable
2023-01,2023-02,100,value_weighted,optimized,2018-02,2023-01,56,drop,4,2018-10;2019-07;2019-08;2020-04,463,0.9734998379660037,41,0.08291345307148806,0.012367264682553081,0.007874133500043705,0.00863250513994518,tracking_error,0.0,1.0,Optimization terminated successfully
2023-01,2023-02,100,value_weighted,representative,2018-02,2023-01,56,drop,4,2018-10;2019-07;2019-08;2020-04,463,0.9734998379660037,100,0.2815081504954439,0.057223788827426486,0.00510923558941601,0.017149682081349968,cluster_mass,0.0,1.0,not applicable
2023-02,2023-03,25,equal_weighted,optimized,2018-03,2023-02,56,drop,4,2018-10;2019-07;2019-08;2020-04,464,0.9280000000000002,17,0.3968055887754863,0.05092553435183777,0.007686811929444668,0.01647256326681719,tracking_error,0.0,1.0,Optimization terminated successfully
2023-02,2023-03,25,equal_weighted,representative,2018-03,2023-02,56,drop,4,2018-10;2019-07;2019-08;2020-04,464,0.9280000000000002,25,0.7262931034482758,0.09080680279729199,0.005942200176108373,0.026649491198785402,cluster_mass,0.0,1.0,not applicable
2023-02,2023-03,25,value_weighted,optimized,2018-03,2023-02,56,drop,4,2018-10;2019-07;2019-08;2020-04,464,0.9737671803389696,19,0.3414051989409622,0.05677689799991332,0.00693156599411019,0.01766024456705066,tracking_error,0.0,1.0,Optimization terminated successfully
2023-02,2023-03,25,value_weighted,representative,2018-03,2023-02,56,drop,4,2018-10;2019-07;2019-08;2020-04,464,0.9737671803389696,25,0.7418820839584549,0.1007045750140981,0.005810168507701242,0.02939020740140059,cluster_mass,0.0,1.0,not applicable
2023-02,2023-03,50,equal_weighted,optimized,2018-03,2023-02,56,drop,4,2018-10;2019-07;2019-08;2020-04,464,0.928,28,0.24261991355906234,0.04214743295745434,0.005868463695902653,0.013410042757566317,tracking_error,0.0,1.0,Optimization terminated successfully
2023-02,2023-03,50,equal_weighted,representative,2018-03,2023-02,56,drop,4,2018-10;2019-07;2019-08;2020-04,464,0.928,50,0.6724137931034483,0.08744842968233507,0.00557773454341133,0.02563201722666911,cluster_mass,0.0,1.0,not applicable
2023-02,2023-03,50,value_weighted,optimized,2018-03,2023-02,56,drop,4,2018-10;2019-07;2019-08;2020-04,464,0.9737671803389696,31,0.22530038052686369,0.040114117033079294,0.004403512894794877,0.012291930990377778,tracking_error,0.0,1.0,Optimization terminated successfully
2023-02,2023-03,50,value_weighted,representative,2018-03,2023-02,56,drop,4,2018-10;2019-07;2019-08;2020-04,464,0.9737671803389696,50,0.704923126057481,0.09648865020884,0.0048849498073049264,0.028032958831132045,cluster_mass,0.0,1.0,not applicable
2023-02,2023-03,100,equal_weighted,optimized,2018-03,2023-02,56,drop,4,2018-10;2019-07;2019-08;2020-04,464,0.928,47,0.08573960404936473,0.00782460953420055,0.00615556047934849,0.006549951127313675,tracking_error,0.0,1.0,Optimization terminated successfully
2023-02,2023-03,100,equal_weighted,representative,2018-03,2023-02,56,drop,4,2018-10;2019-07;2019-08;2020-04,464,0.928,100,0.1810344827586207,0.04430720622742085,0.0036597977746305405,0.013193439323514853,cluster_mass,0.0,1.0,not applicable
2023-02,2023-03,100,value_weighted,optimized,2018-03,2023-02,56,drop,4,2018-10;2019-07;2019-08;2020-04,464,0.9737671803389695,44,0.08425957459028761,0.01561986538480028,0.005856415556932976,0.007366560954493022,tracking_error,0.0,1.0,Optimization terminated successfully
2023-02,2023-03,100,value_weighted,representative,2018-03,2023-02,56,drop,4,2018-10;2019-07;2019-08;2020-04,464,0.9737671803389695,100,0.13895621833654972,0.05508557517309145,0.006511852447942683,0.017051601043579827,cluster_mass,0.0,1.0,not applicable
2023-03,2023-04,25,equal_weighted,optimized,2018-04,2023-03,56,drop,4,2018-10;2019-07;2019-08;2020-04,467,0.9340000000000002,14,0.42147059838531237,0.052432829992134375,0.008807752279824612,0.017394986770268628,tracking_error,0.0,1.0,Optimization terminated successfully
2023-03,2023-04,25,equal_weighted,representative,2018-04,2023-03,56,drop,4,2018-10;2019-07;2019-08;2020-04,467,0.9340000000000002,25,0.7130620985010706,0.09026249890966821,0.006347384845365553,0.02659151244260598,cluster_mass,0.0,1.0,not applicable
2023-03,2023-04,25,value_weighted,optimized,2018-04,2023-03,56,drop,4,2018-10;2019-07;2019-08;2020-04,467,0.9753968671954102,16,0.379201741163663,0.053132266761192204,0.006634473773950072,0.01658518739090736,tracking_error,0.0,1.0,Optimization terminated successfully
2023-03,2023-04,25,value_weighted,representative,2018-04,2023-03,56,drop,4,2018-10;2019-07;2019-08;2020-04,467,0.9753968671954102,25,0.7446834639342895,0.09687864463205573,0.005457006236004494,0.02824774486574389,cluster_mass,0.0,1.0,not applicable
2023-03,2023-04,50,equal_weighted,optimized,2018-04,2023-03,56,drop,4,2018-10;2019-07;2019-08;2020-04,467,0.9339999999999999,25,0.15489888707729108,0.03251582053755792,0.006285464986122374,0.0112267665706993,tracking_error,0.0,1.0,Optimization terminated successfully
2023-03,2023-04,50,equal_weighted,representative,2018-04,2023-03,56,drop,4,2018-10;2019-07;2019-08;2020-04,467,0.9339999999999999,50,0.4668094218415418,0.08337224122642238,0.0072381050962067916,0.024925704321175843,cluster_mass,0.0,1.0,not applicable
2023-03,2023-04,50,value_weighted,optimized,2018-04,2023-03,56,drop,4,2018-10;2019-07;2019-08;2020-04,467,0.9753968671954102,24,0.11808377908197866,0.026293166229644515,0.005829450038982313,0.009516543728115818,tracking_error,0.0,1.0,Optimization terminated successfully
2023-03,2023-04,50,value_weighted,representative,2018-04,2023-03,56,drop,4,2018-10;2019-07;2019-08;2020-04,467,0.9753968671954102,50,0.3481904309637976,0.07717590099879619,0.006847675909840987,0.023116459502381923,cluster_mass,0.0,1.0,not applicable
2023-03,2023-04,100,equal_weighted,optimized,2018-04,2023-03,56,drop,4,2018-10;2019-07;2019-08;2020-04,467,0.9340000000000002,42,0.09568511257307,0.00859208738486511,0.005142892412260204,0.0057001300343182265,tracking_error,0.0,1.0,Optimization terminated successfully
2023-03,2023-04,100,equal_weighted,representative,2018-04,2023-03,56,drop,4,2018-10;2019-07;2019-08;2020-04,467,0.9340000000000002,100,0.2184154175588865,0.04628610098744664,0.00467689589614561,0.014043462916631472,cluster_mass,0.0,1.0,not applicable
2023-03,2023-04,100,value_weighted,optimized,2018-04,2023-03,56,drop,4,2018-10;2019-07;2019-08;2020-04,467,0.9753968671954103,42,0.10140476101299384,0.009820176407752386,0.005320963531915477,0.006017098072458033,tracking_error,0.0,1.0,Optimization terminated successfully
2023-03,2023-04,100,value_weighted,representative,2018-04,2023-03,56,drop,4,2018-10;2019-07;2019-08;2020-04,467,0.9753968671954103,100,0.18198565968193842,0.046624221627557735,0.005205457385095168,0.01431829046506597,cluster_mass,0.0,1.0,not applicable
2023-04,2023-05,25,equal_weighted,optimized,2018-05,2023-04,56,drop,4,2018-10;2019-07;2019-08;2020-04,466,0.9320000000000002,16,0.4321596546682388,0.055943831987923784,0.00811917462281277,0.017946393732096968,tracking_error,0.0,1.0,Optimization terminated successfully
2023-04,2023-05,25,equal_weighted,representative,2018-05,2023-04,56,drop,4,2018-10;2019-07;2019-08;2020-04,466,0.9320000000000002,25,0.7038626609442059,0.08459219346161653,0.007652135173513179,0.02538161806053514,cluster_mass,0.0,1.0,not applicable
2023-04,2023-05,25,value_weighted,optimized,2018-05,2023-04,56,drop,4,2018-10;2019-07;2019-08;2020-04,466,0.9769303850315354,16,0.3811174973794974,0.056501351040990244,0.005922328087956411,0.01721502037637471,tracking_error,0.0,1.0,Optimization terminated successfully
2023-04,2023-05,25,value_weighted,representative,2018-05,2023-04,56,drop,4,2018-10;2019-07;2019-08;2020-04,466,0.9769303850315354,25,0.7406452842036877,0.09755864806965354,0.0063404590187875086,0.02862130341974561,cluster_mass,0.0,1.0,not applicable
2023-04,2023-05,50,equal_weighted,optimized,2018-05,2023-04,56,drop,4,2018-10;2019-07;2019-08;2020-04,466,0.9320000000000002,26,0.2492265568429656,0.03499294230304638,0.005608750796836694,0.011475106601786016,tracking_error,0.0,1.0,Optimization terminated successfully
2023-04,2023-05,50,equal_weighted,representative,2018-05,2023-04,56,drop,4,2018-10;2019-07;2019-08;2020-04,466,0.9320000000000002,50,0.6480686695278969,0.07927258888612591,0.006663971393623539,0.023637591318378996,cluster_mass,0.0,1.0,not applicable
2023-04,2023-05,50,value_weighted,optimized,2018-05,2023-04,56,drop,4,2018-10;2019-07;2019-08;2020-04,466,0.9769303850315353,26,0.12532533421309977,0.044905342655786565,0.0047102186250033585,0.013683064247961887,tracking_error,0.0,1.0,Optimization terminated successfully
2023-04,2023-05,50,value_weighted,representative,2018-05,2023-04,56,drop,4,2018-10;2019-07;2019-08;2020-04,466,0.9769303850315353,50,0.6927884145129718,0.09444154031373897,0.00497071534065494,0.02747184795267569,cluster_mass,0.0,1.0,not applicable
2023-04,2023-05,100,equal_weighted,optimized,2018-05,2023-04,56,drop,4,2018-10;2019-07;2019-08;2020-04,466,0.9320000000000002,47,0.09286614621209616,0.008136789630724383,0.0062764103200063735,0.006694182732847003,tracking_error,0.0,1.0,Optimization terminated successfully
2023-04,2023-05,100,equal_weighted,representative,2018-05,2023-04,56,drop,4,2018-10;2019-07;2019-08;2020-04,466,0.9320000000000002,100,0.2618025751072961,0.05567241474156445,0.006931817960147147,0.017370166522368002,cluster_mass,0.0,1.0,not applicable
2023-04,2023-05,100,value_weighted,optimized,2018-05,2023-04,56,drop,4,2018-10;2019-07;2019-08;2020-04,466,0.9769303850315355,40,0.09183812368110751,0.01136200000297386,0.007273378182876609,0.00796667087369446,tracking_error,0.0,1.0,Optimization terminated successfully
2023-04,2023-05,100,value_weighted,representative,2018-05,2023-04,56,drop,4,2018-10;2019-07;2019-08;2020-04,466,0.9769303850315355,100,0.2953196872567232,0.06805047063697493,0.005142994694438914,0.020136155792985305,cluster_mass,0.0,1.0,not applicable
2023-05,2023-06,25,equal_weighted,optimized,2018-06,2023-05,56,drop,4,2018-10;2019-07;2019-08;2020-04,459,0.918,17,0.4200297920134973,0.06242347155204469,0.008036382059385037,0.019583384312179795,tracking_error,0.0,1.0,Optimization terminated successfully
2023-05,2023-06,25,equal_weighted,representative,2018-06,2023-05,56,drop,4,2018-10;2019-07;2019-08;2020-04,459,0.918,25,0.7472766884531591,0.09424953090352742,0.009673543747743544,0.028646231459748685,cluster_mass,0.0,1.0,not applicable
2023-05,2023-06,25,value_weighted,optimized,2018-06,2023-05,56,drop,4,2018-10;2019-07;2019-08;2020-04,459,0.9729081659960431,17,0.33308316339486044,0.05461339196009877,0.00577514881064415,0.016657304677136945,tracking_error,0.0,1.0,Optimization terminated successfully
2023-05,2023-06,25,value_weighted,representative,2018-06,2023-05,56,drop,4,2018-10;2019-07;2019-08;2020-04,459,0.9729081659960431,25,0.5435560964782546,0.08914185587537855,0.010459195429464588,0.027563729202133843,cluster_mass,0.0,1.0,not applicable
2023-05,2023-06,50,equal_weighted,optimized,2018-06,2023-05,56,drop,4,2018-10;2019-07;2019-08;2020-04,459,0.9180000000000001,27,0.2216723796542624,0.03701918374347301,0.006879352156928976,0.012628849291508648,tracking_error,0.0,1.0,Optimization terminated successfully
2023-05,2023-06,50,equal_weighted,representative,2018-06,2023-05,56,drop,4,2018-10;2019-07;2019-08;2020-04,459,0.9180000000000001,50,0.5773420479302832,0.08371607255834786,0.007096898206193586,0.02497936267728246,cluster_mass,0.0,1.0,not applicable
2023-05,2023-06,50,value_weighted,optimized,2018-06,2023-05,56,drop,4,2018-10;2019-07;2019-08;2020-04,459,0.9729081659960432,28,0.12942162281755248,0.03739344995554129,0.004406985768558075,0.011569929679373682,tracking_error,0.0,1.0,Optimization terminated successfully
2023-05,2023-06,50,value_weighted,representative,2018-06,2023-05,56,drop,4,2018-10;2019-07;2019-08;2020-04,459,0.9729081659960432,50,0.39374640261748783,0.08383495358607507,0.005323161064456561,0.024567638979296574,cluster_mass,0.0,1.0,not applicable
2023-05,2023-06,100,equal_weighted,optimized,2018-06,2023-05,56,drop,4,2018-10;2019-07;2019-08;2020-04,459,0.918,49,0.1540851829416194,0.004449327780967237,0.007322947192329807,0.007432752268605999,tracking_error,0.0,1.0,Optimization terminated successfully
2023-05,2023-06,100,equal_weighted,representative,2018-06,2023-05,56,drop,4,2018-10;2019-07;2019-08;2020-04,459,0.918,100,0.19172113289760348,0.04435374416248877,0.005732398322906941,0.013923749976249804,cluster_mass,0.0,1.0,not applicable
2023-05,2023-06,100,value_weighted,optimized,2018-06,2023-05,56,drop,4,2018-10;2019-07;2019-08;2020-04,459,0.9729081659960431,45,0.17893650774780248,0.007691800250972314,0.006737658137813913,0.0070878989659360035,tracking_error,0.0,1.0,Optimization terminated successfully
2023-05,2023-06,100,value_weighted,representative,2018-06,2023-05,56,drop,4,2018-10;2019-07;2019-08;2020-04,459,0.9729081659960431,100,0.19450750142046808,0.0362518942173233,0.005571585953836007,0.011773001672793125,cluster_mass,0.0,1.0,not applicable
2023-06,2023-07,25,equal_weighted,optimized,2018-07,2023-06,56,drop,4,2018-10;2019-07;2019-08;2020-04,463,0.9260000000000002,20,0.46242960313434756,0.06317714248336881,0.007139010486636141,0.019432924917453076,tracking_error,0.0,1.0,Optimization terminated successfully
2023-06,2023-07,25,equal_weighted,representative,2018-07,2023-06,56,drop,4,2018-10;2019-07;2019-08;2020-04,463,0.9260000000000002,25,0.8812095032397408,0.10554295989495235,0.009132287486423942,0.0315451846777164,cluster_mass,0.0,1.0,not applicable
2023-06,2023-07,25,value_weighted,optimized,2018-07,2023-06,56,drop,4,2018-10;2019-07;2019-08;2020-04,463,0.9744795086399053,19,0.41404758116184004,0.06473341105045129,0.005704122209004357,0.01937788644705917,tracking_error,0.0,1.0,Optimization terminated successfully
2023-06,2023-07,25,value_weighted,representative,2018-07,2023-06,56,drop,4,2018-10;2019-07;2019-08;2020-04,463,0.9744795086399053,25,0.9030941864508992,0.11767641847281869,0.00851615164561532,0.03472601866628689,cluster_mass,0.0,1.0,not applicable
2023-06,2023-07,50,equal_weighted,optimized,2018-07,2023-06,56,drop,4,2018-10;2019-07;2019-08;2020-04,463,0.9260000000000002,29,0.16124372359543002,0.033219724744885396,0.006053863618048593,0.011268078202733045,tracking_error,0.0,1.0,Optimization terminated successfully
2023-06,2023-07,50,equal_weighted,representative,2018-07,2023-06,56,drop,4,2018-10;2019-07;2019-08;2020-04,463,0.9260000000000002,50,0.6025917926565875,0.07938787538168258,0.007178625769361305,0.023819255682188137,cluster_mass,0.0,1.0,not applicable
2023-06,2023-07,50,value_weighted,optimized,2018-07,2023-06,56,drop,4,2018-10;2019-07;2019-08;2020-04,463,0.9744795086399053,29,0.13349076826101097,0.03845841297069808,0.004068253699250661,0.011730466698033442,tracking_error,0.0,1.0,Optimization terminated successfully
2023-06,2023-07,50,value_weighted,representative,2018-07,2023-06,56,drop,4,2018-10;2019-07;2019-08;2020-04,463,0.9744795086399053,50,0.4478916156950782,0.07905639462273223,0.005475083385693562,0.023270199807453006,cluster_mass,0.0,1.0,not applicable
2023-06,2023-07,100,equal_weighted,optimized,2018-07,2023-06,56,drop,4,2018-10;2019-07;2019-08;2020-04,463,0.9260000000000002,49,0.14978218381368502,0.00357280996502723,0.00737302319217963,0.0074435356576679065,tracking_error,0.0,1.0,Optimization terminated successfully
2023-06,2023-07,100,equal_weighted,representative,2018-07,2023-06,56,drop,4,2018-10;2019-07;2019-08;2020-04,463,0.9260000000000002,100,0.285097192224622,0.045834881022978106,0.004586932773372414,0.013891846563550745,cluster_mass,0.0,1.0,not applicable
2023-06,2023-07,100,value_weighted,optimized,2018-07,2023-06,56,drop,4,2018-10;2019-07;2019-08;2020-04,463,0.9744795086399052,38,0.10782033105690456,0.014935820340698255,0.004428812313627038,0.006154048278877282,tracking_error,0.0,1.0,Optimization terminated successfully
2023-06,2023-07,100,value_weighted,representative,2018-07,2023-06,56,drop,4,2018-10;2019-07;2019-08;2020-04,463,0.9744795086399052,100,0.18954817620542536,0.049502755241552426,0.0032096082450194124,0.014521198476274472,cluster_mass,0.0,1.0,not applicable
2023-07,2023-08,25,equal_weighted,optimized,2018-08,2023-07,56,drop,4,2018-10;2019-07;2019-08;2020-04,462,0.924,18,0.32944974940328287,0.05565795043740305,0.0049289325549414864,0.016668388170284293,tracking_error,0.0,1.0,Optimization terminated successfully
2023-07,2023-08,25,equal_weighted,representative,2018-08,2023-07,56,drop,4,2018-10;2019-07;2019-08;2020-04,462,0.924,25,0.803030303030303,0.1189641568992377,0.006018832267470624,0.03456209874914821,cluster_mass,0.0,1.0,not applicable
2023-07,2023-08,25,value_weighted,optimized,2018-08,2023-07,56,drop,4,2018-10;2019-07;2019-08;2020-04,462,0.972869612431094,20,0.3014957588179464,0.06073669412749299,0.003065765026118617,0.017644307297079078,tracking_error,0.0,1.0,Optimization terminated successfully
2023-07,2023-08,25,value_weighted,representative,2018-08,2023-07,56,drop,4,2018-10;2019-07;2019-08;2020-04,462,0.972869612431094,25,0.8540786409989067,0.13441251238111945,0.0042020783316143485,0.038682460463410485,cluster_mass,0.0,1.0,not applicable
2023-07,2023-08,50,equal_weighted,optimized,2018-08,2023-07,56,drop,4,2018-10;2019-07;2019-08;2020-04,462,0.9239999999999999,24,0.2516448594516175,0.03788590842568295,0.0064078567422898355,0.012591129435144541,tracking_error,0.0,1.0,Optimization terminated successfully
2023-07,2023-08,50,equal_weighted,representative,2018-08,2023-07,56,drop,4,2018-10;2019-07;2019-08;2020-04,462,0.9239999999999999,50,0.6320346320346321,0.08155033281108467,0.006162304747371677,0.024130524621970278,cluster_mass,0.0,1.0,not applicable
2023-07,2023-08,50,value_weighted,optimized,2018-08,2023-07,56,drop,4,2018-10;2019-07;2019-08;2020-04,462,0.9728696124310943,24,0.21154625822077672,0.03456118790141046,0.006057728172185965,0.011595612076255219,tracking_error,0.0,1.0,Optimization terminated successfully
2023-07,2023-08,50,value_weighted,representative,2018-08,2023-07,56,drop,4,2018-10;2019-07;2019-08;2020-04,462,0.9728696124310943,50,0.5499904597061072,0.07205446612547206,0.006525913289065939,0.021622104974629523,cluster_mass,0.0,1.0,not applicable
2023-07,2023-08,100,equal_weighted,optimized,2018-08,2023-07,56,drop,4,2018-10;2019-07;2019-08;2020-04,462,0.924,51,0.12998709238706616,0.004408454499695256,0.006296922964417749,0.0064219823833667035,tracking_error,0.0,1.0,Optimization terminated successfully
2023-07,2023-08,100,equal_weighted,representative,2018-08,2023-07,56,drop,4,2018-10;2019-07;2019-08;2020-04,462,0.924,100,0.2922077922077922,0.04904079320578781,0.003742533334260977,0.014520478784357041,cluster_mass,0.0,1.0,not applicable
2023-07,2023-08,100,value_weighted,optimized,2018-08,2023-07,56,drop,4,2018-10;2019-07;2019-08;2020-04,462,0.9728696124310943,40,0.08873128487331038,0.009792599690942202,0.0046316156105484325,0.005412985588716144,tracking_error,0.0,1.0,Optimization terminated successfully
2023-07,2023-08,100,value_weighted,representative,2018-08,2023-07,56,drop,4,2018-10;2019-07;2019-08;2020-04,462,0.9728696124310943,100,0.2046580685124983,0.04761824959609699,0.002381233636173943,0.013829467174286757,cluster_mass,0.0,1.0,not applicable
2023-08,2023-09,25,equal_weighted,optimized,2018-09,2023-08,56,drop,4,2018-10;2019-07;2019-08;2020-04,461,0.922,13,0.3970465454291484,0.0687826896090306,0.006455637958603426,0.020709656245637986,tracking_error,0.0,1.0,Optimization terminated successfully
2023-08,2023-09,25,equal_weighted,representative,2018-09,2023-08,56,drop,4,2018-10;2019-07;2019-08;2020-04,461,0.922,25,0.735357917570499,0.09616249861263534,0.006404747492872636,0.02824645492002872,cluster_mass,0.0,1.0,not applicable
2023-08,2023-09,25,value_weighted,optimized,2018-09,2023-08,56,drop,4,2018-10;2019-07;2019-08;2020-04,461,0.9739227059337097,14,0.37317046267413295,0.06776952566232972,0.004581417214995019,0.019921865205405665,tracking_error,0.0,1.0,Optimization terminated successfully
2023-08,2023-09,25,value_weighted,representative,2018-09,2023-08,56,drop,4,2018-10;2019-07;2019-08;2020-04,461,0.9739227059337097,25,0.7679427871766021,0.10420810583018228,0.0048458349591845975,0.030203749937054696,cluster_mass,0.0,1.0,not applicable
2023-08,2023-09,50,equal_weighted,optimized,2018-09,2023-08,56,drop,4,2018-10;2019-07;2019-08;2020-04,461,0.9220000000000002,23,0.13311001175788387,0.03976862590515618,0.004217707624670847,0.012133872861940157,tracking_error,0.0,1.0,Optimization terminated successfully
2023-08,2023-09,50,equal_weighted,representative,2018-09,2023-08,56,drop,4,2018-10;2019-07;2019-08;2020-04,461,0.9220000000000002,50,0.5683297180043383,0.07810180130512612,0.007146014614037803,0.023458742211803916,cluster_mass,0.0,1.0,not applicable
2023-08,2023-09,50,value_weighted,optimized,2018-09,2023-08,56,drop,4,2018-10;2019-07;2019-08;2020-04,461,0.9739227059337098,27,0.13712927127893157,0.0330948093169708,0.004399749297837014,0.01044031290117977,tracking_error,0.0,1.0,Optimization terminated successfully
2023-08,2023-09,50,value_weighted,representative,2018-09,2023-08,56,drop,4,2018-10;2019-07;2019-08;2020-04,461,0.9739227059337098,50,0.3812852297757869,0.07568448155795368,0.006903394792101689,0.02272615020358035,cluster_mass,0.0,1.0,not applicable
2023-08,2023-09,100,equal_weighted,optimized,2018-09,2023-08,56,drop,4,2018-10;2019-07;2019-08;2020-04,461,0.922,43,0.14309668528513822,0.007024761087874808,0.007517007678979534,0.007781018144986874,tracking_error,0.0,1.0,Optimization terminated successfully
2023-08,2023-09,100,equal_weighted,representative,2018-09,2023-08,56,drop,4,2018-10;2019-07;2019-08;2020-04,461,0.922,100,0.2039045553145336,0.045727787300386326,0.004683895424387976,0.013895314607902123,cluster_mass,0.0,1.0,not applicable
2023-08,2023-09,100,value_weighted,optimized,2018-09,2023-08,56,drop,4,2018-10;2019-07;2019-08;2020-04,461,0.9739227059337097,44,0.09317552042942623,0.012925288875488182,0.005625337018568037,0.006731844855333049,tracking_error,0.0,1.0,Optimization terminated successfully
2023-08,2023-09,100,value_weighted,representative,2018-09,2023-08,56,drop,4,2018-10;2019-07;2019-08;2020-04,461,0.9739227059337097,100,0.17446181294698063,0.056131356111391736,0.0050516540302709715,0.016834232533404818,cluster_mass,0.0,1.0,not applicable
2023-09,2023-10,25,equal_weighted,optimized,2018-10,2023-09,56,drop,4,2018-10;2019-07;2019-08;2020-04,461,0.922,18,0.37405085119974457,0.05922505037616433,0.008539017977132198,0.018973553296241036,tracking_error,0.0,1.0,Optimization terminated successfully
2023-09,2023-10,25,equal_weighted,representative,2018-10,2023-09,56,drop,4,2018-10;2019-07;2019-08;2020-04,461,0.922,25,0.7700650759219089,0.0970485889637725,0.0068254569286489,0.02859091455620522,cluster_mass,0.0,1.0,not applicable
2023-09,2023-10,25,value_weighted,optimized,2018-10,2023-09,56,drop,4,2018-10;2019-07;2019-08;2020-04,461,0.9732984480969383,17,0.3761192689945288,0.06205004233850929,0.005653830474905445,0.018630270244912827,tracking_error,0.0,1.0,Optimization terminated successfully
2023-09,2023-10,25,value_weighted,representative,2018-10,2023-09,56,drop,4,2018-10;2019-07;2019-08;2020-04,461,0.9732984480969383,25,0.8210812949569123,0.10943044706258098,0.004906759909145769,0.031688718505336604,cluster_mass,0.0,1.0,not applicable
2023-09,2023-10,50,equal_weighted,optimized,2018-10,2023-09,56,drop,4,2018-10;2019-07;2019-08;2020-04,461,0.9220000000000002,27,0.19944482726129423,0.03896103342473339,0.002728177171180406,0.011475230815123036,tracking_error,0.0,1.0,Optimization terminated successfully
2023-09,2023-10,50,equal_weighted,representative,2018-10,2023-09,56,drop,4,2018-10;2019-07;2019-08;2020-04,461,0.9220000000000002,50,0.596529284164859,0.08593098384579925,0.00550868639874496,0.02519328938319096,cluster_mass,0.0,1.0,not applicable
2023-09,2023-10,50,value_weighted,optimized,2018-10,2023-09,56,drop,4,2018-10;2019-07;2019-08;2020-04,461,0.9732984480969382,22,0.14706775215139908,0.04170094557271038,0.0015529142556990445,0.012030705017087324,tracking_error,0.0,1.0,Optimization terminated successfully
2023-09,2023-10,50,value_weighted,representative,2018-10,2023-09,56,drop,4,2018-10;2019-07;2019-08;2020-04,461,0.9732984480969382,50,0.4904325983180787,0.086291099467057,0.004206566948271707,0.02504251265370336,cluster_mass,0.0,1.0,not applicable
2023-09,2023-10,100,equal_weighted,optimized,2018-10,2023-09,56,drop,4,2018-10;2019-07;2019-08;2020-04,461,0.9220000000000002,46,0.14841021069661176,0.00438373741574168,0.007921395778786967,0.008020058828134792,tracking_error,0.0,1.0,Optimization terminated successfully
2023-09,2023-10,100,equal_weighted,representative,2018-10,2023-09,56,drop,4,2018-10;2019-07;2019-08;2020-04,461,0.9220000000000002,100,0.19956616052060733,0.04536682716124455,0.00487410145142547,0.013863858064977653,cluster_mass,0.0,1.0,not applicable
2023-09,2023-10,100,value_weighted,optimized,2018-10,2023-09,56,drop,4,2018-10;2019-07;2019-08;2020-04,461,0.9732984480969382,40,0.08861171221312522,0.014176927453739682,0.005579459708615988,0.006897829954622396,tracking_error,0.0,1.0,Optimization terminated successfully
2023-09,2023-10,100,value_weighted,representative,2018-10,2023-09,56,drop,4,2018-10;2019-07;2019-08;2020-04,461,0.9732984480969382,100,0.19441204728861394,0.059981513400283896,0.0056930686709890455,0.0180796114777885,cluster_mass,0.0,1.0,not applicable
2023-10,2023-11,25,equal_weighted,optimized,2018-11,2023-10,57,drop,3,2019-07;2019-08;2020-04,460,0.92,16,0.42305933700175774,0.0645289787203333,0.00767348061845371,0.01999484165156299,tracking_error,0.0,1.0,Optimization terminated successfully
2023-10,2023-11,25,equal_weighted,representative,2018-11,2023-10,57,drop,3,2019-07;2019-08;2020-04,460,0.92,25,0.7304347826086957,0.09259460913102413,0.00658766137757437,0.027300964815604862,cluster_mass,0.0,1.0,not applicable
2023-10,2023-11,25,value_weighted,optimized,2018-11,2023-10,57,drop,3,2019-07;2019-08;2020-04,460,0.9741447030755889,15,0.363994436124381,0.06518027098494399,0.006948711282072554,0.019902571579963745,tracking_error,0.0,1.0,Optimization terminated successfully
2023-10,2023-11,25,value_weighted,representative,2018-11,2023-10,57,drop,3,2019-07;2019-08;2020-04,460,0.9741447030755889,25,0.7692917671484989,0.1022329553120494,0.004952940471164074,0.02966843943331933,cluster_mass,0.0,1.0,not applicable
2023-10,2023-11,50,equal_weighted,optimized,2018-11,2023-10,57,drop,3,2019-07;2019-08;2020-04,460,0.9200000000000002,24,0.17314197176333718,0.035625037436653156,0.0028621549684872617,0.010587653160366929,tracking_error,0.0,1.0,Optimization terminated successfully
2023-10,2023-11,50,equal_weighted,representative,2018-11,2023-10,57,drop,3,2019-07;2019-08;2020-04,460,0.9200000000000002,50,0.6260869565217391,0.07790193483019464,0.005623198295957283,0.02298856080978266,cluster_mass,0.0,1.0,not applicable
2023-10,2023-11,50,value_weighted,optimized,2018-11,2023-10,57,drop,3,2019-07;2019-08;2020-04,460,0.9741447030755889,25,0.15643674241525798,0.028962577164626618,0.003590870272468715,0.009031642230805138,tracking_error,0.0,1.0,Optimization terminated successfully
2023-10,2023-11,50,value_weighted,representative,2018-11,2023-10,57,drop,3,2019-07;2019-08;2020-04,460,0.9741447030755889,50,0.4316325072848683,0.10434318252503577,0.0028755219315530255,0.02999404731031395,cluster_mass,0.0,1.0,not applicable
2023-10,2023-11,100,equal_weighted,optimized,2018-11,2023-10,57,drop,3,2019-07;2019-08;2020-04,460,0.9200000000000002,46,0.10122941675381708,0.004017900043308297,0.005905277973321734,0.006016144920143226,tracking_error,0.0,1.0,Optimization terminated successfully
2023-10,2023-11,100,equal_weighted,representative,2018-11,2023-10,57,drop,3,2019-07;2019-08;2020-04,460,0.9200000000000002,100,0.19347826086956518,0.040721913794554344,0.005155897609458424,0.012741602116918426,cluster_mass,0.0,1.0,not applicable
2023-10,2023-11,100,value_weighted,optimized,2018-11,2023-10,57,drop,3,2019-07;2019-08;2020-04,460,0.9741447030755889,37,0.12188761029208958,0.0173998520777811,0.005887505414773397,0.007710361015105751,tracking_error,0.0,1.0,Optimization terminated successfully
2023-10,2023-11,100,value_weighted,representative,2018-11,2023-10,57,drop,3,2019-07;2019-08;2020-04,460,0.9741447030755889,100,0.1991996641619967,0.04623131589984083,0.005833040291170046,0.01445720633621719,cluster_mass,0.0,1.0,not applicable
2023-11,2023-12,25,equal_weighted,optimized,2018-12,2023-11,57,drop,3,2019-07;2019-08;2020-04,464,0.9280000000000002,19,0.3920927368404482,0.0523205213287465,0.0063700756438253795,0.016269465538553945,tracking_error,0.0,1.0,Optimization terminated successfully
2023-11,2023-12,25,equal_weighted,representative,2018-12,2023-11,57,drop,3,2019-07;2019-08;2020-04,464,0.9280000000000002,25,0.7284482758620688,0.08741029399215519,0.005292505472776767,0.025564692387667,cluster_mass,0.0,1.0,not applicable
2023-11,2023-12,25,value_weighted,optimized,2018-12,2023-11,57,drop,3,2019-07;2019-08;2020-04,464,0.9743361385060393,19,0.33627592163478726,0.0549663467514926,0.004872814659837537,0.016465180172292513,tracking_error,0.0,1.0,Optimization terminated successfully
2023-11,2023-12,25,value_weighted,representative,2018-12,2023-11,57,drop,3,2019-07;2019-08;2020-04,464,0.9743361385060393,25,0.8012976897109793,0.10086273576821833,0.003642770105247302,0.029089015620827732,cluster_mass,0.0,1.0,not applicable
2023-11,2023-12,50,equal_weighted,optimized,2018-12,2023-11,57,drop,3,2019-07;2019-08;2020-04,464,0.9280000000000002,30,0.15973974889272613,0.03703695905256505,0.005541524717766335,0.011958862614816991,tracking_error,0.0,1.0,Optimization terminated successfully
2023-11,2023-12,50,equal_weighted,representative,2018-12,2023-11,57,drop,3,2019-07;2019-08;2020-04,464,0.9280000000000002,50,0.5668103448275862,0.0820032712619784,0.005332802432849363,0.024062120221416506,cluster_mass,0.0,1.0,not applicable
2023-11,2023-12,50,value_weighted,optimized,2018-12,2023-11,57,drop,3,2019-07;2019-08;2020-04,464,0.9743361385060392,26,0.15945525129085136,0.02777039903743621,0.002774631764946499,0.00841649324208605,tracking_error,0.0,1.0,Optimization terminated successfully
2023-11,2023-12,50,value_weighted,representative,2018-12,2023-11,57,drop,3,2019-07;2019-08;2020-04,464,0.9743361385060392,50,0.37225731062818773,0.08469756352876565,0.0028280897873090376,0.02439911265923667,cluster_mass,0.0,1.0,not applicable
2023-11,2023-12,100,equal_weighted,optimized,2018-12,2023-11,57,drop,3,2019-07;2019-08;2020-04,464,0.9279999999999999,50,0.1174795565672022,0.006198642281860553,0.004965631034625187,0.005272878517856375,tracking_error,0.0,1.0,Optimization terminated successfully
2023-11,2023-12,100,equal_weighted,representative,2018-12,2023-11,57,drop,3,2019-07;2019-08;2020-04,464,0.9279999999999999,100,0.3254310344827586,0.05212568878476646,0.004864718154264973,0.01568811923979063,cluster_mass,0.0,1.0,not applicable
2023-11,2023-12,100,value_weighted,optimized,2018-12,2023-11,57,drop,3,2019-07;2019-08;2020-04,464,0.9743361385060393,45,0.14908125063116773,0.009344702644893767,0.004624229927820944,0.00534160951062093,tracking_error,0.0,1.0,Optimization terminated successfully
2023-11,2023-12,100,value_weighted,representative,2018-12,2023-11,57,drop,3,2019-07;2019-08;2020-04,464,0.9743361385060393,100,0.294288968702786,0.041393746361383876,0.00570037520285035,0.013144432208900136,cluster_mass,0.0,1.0,not applicable
2023-12,2024-01,25,equal_weighted,optimized,2019-01,2023-12,57,drop,3,2019-07;2019-08;2020-04,462,0.9240000000000002,20,0.35197775048610236,0.0643466731833867,0.006166278627625755,0.019416766816726133,tracking_error,0.0,1.0,Optimization terminated successfully
2023-12,2024-01,25,equal_weighted,representative,2019-01,2023-12,57,drop,3,2019-07;2019-08;2020-04,462,0.9240000000000002,25,0.7467532467532467,0.09153661714962288,0.005357706903015112,0.026733894521604188,cluster_mass,0.0,1.0,not applicable
2023-12,2024-01,25,value_weighted,optimized,2019-01,2023-12,57,drop,3,2019-07;2019-08;2020-04,462,0.9728950687614715,19,0.3122120247332408,0.062171621091335394,0.005280731784633576,0.018556516247509137,tracking_error,0.0,1.0,Optimization terminated successfully
2023-12,2024-01,25,value_weighted,representative,2019-01,2023-12,57,drop,3,2019-07;2019-08;2020-04,462,0.9728950687614715,25,0.7959001992310977,0.10025133418964226,0.004143377422811855,0.028982781303949844,cluster_mass,0.0,1.0,not applicable
2023-12,2024-01,50,equal_weighted,optimized,2019-01,2023-12,57,drop,3,2019-07;2019-08;2020-04,462,0.924,26,0.12212666419541501,0.032126341175869405,0.0046441336166574265,0.010298909622157768,tracking_error,0.0,1.0,Optimization terminated successfully
2023-12,2024-01,50,equal_weighted,representative,2019-01,2023-12,57,drop,3,2019-07;2019-08;2020-04,462,0.924,50,0.632034632034632,0.08177986085139809,0.005336808368800788,0.024000679754250718,cluster_mass,0.0,1.0,not applicable
2023-12,2024-01,50,value_weighted,optimized,2019-01,2023-12,57,drop,3,2019-07;2019-08;2020-04,462,0.9728950687614714,29,0.11810195327968487,0.03926661454303267,0.003166325117724553,0.011673060496034851,tracking_error,0.0,1.0,Optimization terminated successfully
2023-12,2024-01,50,value_weighted,representative,2019-01,2023-12,57,drop,3,2019-07;2019-08;2020-04,462,0.9728950687614714,50,0.7119017233346536,0.09448553820819405,0.004530893931570427,0.027412347923697452,cluster_mass,0.0,1.0,not applicable
2023-12,2024-01,100,equal_weighted,optimized,2019-01,2023-12,57,drop,3,2019-07;2019-08;2020-04,462,0.924,47,0.11610719117008148,0.010164475235142117,0.006114153522446061,0.006770637988071856,tracking_error,0.0,1.0,Optimization terminated successfully
2023-12,2024-01,100,equal_weighted,representative,2019-01,2023-12,57,drop,3,2019-07;2019-08;2020-04,462,0.924,100,0.21861471861471862,0.04329311065715739,0.005142180701146805,0.013412417622760693,cluster_mass,0.0,1.0,not applicable
2023-12,2024-01,100,value_weighted,optimized,2019-01,2023-12,57,drop,3,2019-07;2019-08;2020-04,462,0.9728950687614714,41,0.1510291184008858,0.01137626307883041,0.004941038456675166,0.0059168909268748375,tracking_error,0.0,1.0,Optimization terminated successfully
2023-12,2024-01,100,value_weighted,representative,2019-01,2023-12,57,drop,3,2019-07;2019-08;2020-04,462,0.9728950687614714,100,0.24962864342819716,0.03763325427301437,0.0063788962778511885,0.012515653336049322,cluster_mass,0.0,1.0,not applicable
2024-01,2024-02,25,equal_weighted,optimized,2019-02,2024-01,57,drop,3,2019-07;2019-08;2020-04,463,0.926,15,0.3324051851513691,0.05688478799440858,0.0036643316695318413,0.016683917443949352,tracking_error,0.0,1.0,Optimization terminated successfully
2024-01,2024-02,25,equal_weighted,representative,2019-02,2024-01,57,drop,3,2019-07;2019-08;2020-04,463,0.926,25,0.8272138228941684,0.10035240566951978,0.006611794644310559,0.029465400583144796,cluster_mass,0.0,1.0,not applicable
2024-01,2024-02,25,value_weighted,optimized,2019-02,2024-01,57,drop,3,2019-07;2019-08;2020-04,463,0.9738622958032769,16,0.34065421845831995,0.06185494463624797,0.002167487993709994,0.017830888040588806,tracking_error,0.0,1.0,Optimization terminated successfully
2024-01,2024-02,25,value_weighted,representative,2019-02,2024-01,57,drop,3,2019-07;2019-08;2020-04,463,0.9738622958032769,25,0.8478724492958657,0.10837676983100615,0.0045186556486622245,0.03133751930820132,cluster_mass,0.0,1.0,not applicable
2024-01,2024-02,50,equal_weighted,optimized,2019-02,2024-01,57,drop,3,2019-07;2019-08;2020-04,463,0.926,25,0.1779142313934565,0.03549873158714553,0.004975656756087451,0.011310532690634015,tracking_error,0.0,1.0,Optimization terminated successfully
2024-01,2024-02,50,equal_weighted,representative,2019-02,2024-01,57,drop,3,2019-07;2019-08;2020-04,463,0.926,50,0.5658747300215983,0.08027309931794019,0.006614528871888143,0.023902136891331638,cluster_mass,0.0,1.0,not applicable
2024-01,2024-02,50,value_weighted,optimized,2019-02,2024-01,57,drop,3,2019-07;2019-08;2020-04,463,0.9738622958032769,27,0.16680792994939542,0.03086492271693218,0.005056576812657067,0.010176599137283558,tracking_error,0.0,1.0,Optimization terminated successfully
2024-01,2024-02,50,value_weighted,representative,2019-02,2024-01,57,drop,3,2019-07;2019-08;2020-04,463,0.9738622958032769,50,0.3827936447792717,0.07644304936179341,0.007582055524276273,0.02314964424740645,cluster_mass,0.0,1.0,not applicable
2024-01,2024-02,100,equal_weighted,optimized,2019-02,2024-01,57,drop,3,2019-07;2019-08;2020-04,463,0.9260000000000002,51,0.09393479913848209,0.008021855679270797,0.005756389081886043,0.006197132410494959,tracking_error,0.0,1.0,Optimization terminated successfully
2024-01,2024-02,100,equal_weighted,representative,2019-02,2024-01,57,drop,3,2019-07;2019-08;2020-04,463,0.9260000000000002,100,0.22462203023758098,0.047946502602345765,0.004290026958357009,0.014374132105616444,cluster_mass,0.0,1.0,not applicable
2024-01,2024-02,100,value_weighted,optimized,2019-02,2024-01,57,drop,3,2019-07;2019-08;2020-04,463,0.9738622958032769,44,0.18589602182888473,0.00962296917409226,0.0047360261537474305,0.005478262134162804,tracking_error,0.0,1.0,Optimization terminated successfully
2024-01,2024-02,100,value_weighted,representative,2019-02,2024-01,57,drop,3,2019-07;2019-08;2020-04,463,0.9738622958032769,100,0.29183433128018355,0.04062535573913234,0.00535526832288261,0.012798475124255212,cluster_mass,0.0,1.0,not applicable
2024-02,2024-03,25,equal_weighted,optimized,2019-03,2024-02,57,drop,3,2019-07;2019-08;2020-04,464,0.9279999999999999,18,0.32393713257463275,0.06235629046933181,0.002829641088128251,0.018065098656776912,tracking_error,0.0,1.0,Optimization terminated successfully
2024-02,2024-03,25,equal_weighted,representative,2019-03,2024-02,57,drop,3,2019-07;2019-08;2020-04,464,0.9279999999999999,25,0.7306034482758622,0.08840258353528746,0.004783785686932854,0.025743164924931797,cluster_mass,0.0,1.0,not applicable
2024-02,2024-03,25,value_weighted,optimized,2019-03,2024-02,57,drop,3,2019-07;2019-08;2020-04,464,0.9718637973930738,20,0.33439818220761625,0.06394269105554767,0.0031569197671231434,0.01856639086145868,tracking_error,0.0,1.0,Optimization terminated successfully
2024-02,2024-03,25,value_weighted,representative,2019-03,2024-02,57,drop,3,2019-07;2019-08;2020-04,464,0.9718637973930738,25,0.7695595632957716,0.09744988470319095,0.002940407754041499,0.028038109614418757,cluster_mass,0.0,1.0,not applicable
2024-02,2024-03,50,equal_weighted,optimized,2019-03,2024-02,57,drop,3,2019-07;2019-08;2020-04,464,0.928,30,0.15004701790995062,0.035468093700730806,0.004546282946714293,0.011120326772380815,tracking_error,0.0,1.0,Optimization terminated successfully
2024-02,2024-03,50,equal_weighted,representative,2019-03,2024-02,57,drop,3,2019-07;2019-08;2020-04,464,0.928,50,0.6767241379310345,0.08408151309963033,0.005009127262855412,0.024574321416472103,cluster_mass,0.0,1.0,not applicable
2024-02,2024-03,50,value_weighted,optimized,2019-03,2024-02,57,drop,3,2019-07;2019-08;2020-04,464,0.9718637973930738,26,0.11688472549407548,0.03599896161310845,0.0022799864732189353,0.010549762108539114,tracking_error,0.0,1.0,Optimization terminated successfully
2024-02,2024-03,50,value_weighted,representative,2019-03,2024-02,57,drop,3,2019-07;2019-08;2020-04,464,0.9718637973930738,50,0.7300997524914421,0.09401879772369033,0.0030803892214102354,0.027077543507650084,cluster_mass,0.0,1.0,not applicable
2024-02,2024-03,100,equal_weighted,optimized,2019-03,2024-02,57,drop,3,2019-07;2019-08;2020-04,464,0.928,46,0.08652159568060729,0.010597034283813717,0.00487163901723265,0.005738186494854917,tracking_error,0.0,1.0,Optimization terminated successfully
2024-02,2024-03,100,equal_weighted,representative,2019-03,2024-02,57,drop,3,2019-07;2019-08;2020-04,464,0.928,100,0.23706896551724138,0.052667655583922,0.006618880022988503,0.01645937479141208,cluster_mass,0.0,1.0,not applicable
2024-02,2024-03,100,value_weighted,optimized,2019-03,2024-02,57,drop,3,2019-07;2019-08;2020-04,464,0.9718637973930738,42,0.17686774654331155,0.013720587147672436,0.004972975632632106,0.006335861166531437,tracking_error,0.0,1.0,Optimization terminated successfully
2024-02,2024-03,100,value_weighted,representative,2019-03,2024-02,57,drop,3,2019-07;2019-08;2020-04,464,0.9718637973930738,100,0.3149126165783409,0.048083155158412105,0.00632451163739623,0.015142165066104942,cluster_mass,0.0,1.0,not applicable
2024-03,2024-04,25,equal_weighted,optimized,2019-04,2024-03,57,drop,3,2019-07;2019-08;2020-04,469,0.9380000000000001,15,0.4439783857339524,0.05843186427952774,0.004102240313088188,0.017215118289402368,tracking_error,0.0,1.0,Optimization terminated successfully
2024-03,2024-04,25,equal_weighted,representative,2019-04,2024-03,57,drop,3,2019-07;2019-08;2020-04,469,0.9380000000000001,25,0.7142857142857143,0.09357718580319571,0.0035295345040960583,0.027007028303596924,cluster_mass,0.0,1.0,not applicable
2024-03,2024-04,25,value_weighted,optimized,2019-04,2024-03,57,drop,3,2019-07;2019-08;2020-04,469,0.974116138364613,16,0.4590318834665237,0.05958708357360281,0.004282745824496101,0.017579419506318788,tracking_error,0.0,1.0,Optimization terminated successfully
2024-03,2024-04,25,value_weighted,representative,2019-04,2024-03,57,drop,3,2019-07;2019-08;2020-04,469,0.974116138364613,25,0.7791120487177852,0.10845105637883426,0.001931558286111999,0.031091341538656947,cluster_mass,0.0,1.0,not applicable
2024-03,2024-04,50,equal_weighted,optimized,2019-04,2024-03,57,drop,3,2019-07;2019-08;2020-04,469,0.9380000000000001,29,0.19057147349323417,0.032862583920544995,0.0074736252744093115,0.012011327423713285,tracking_error,0.0,1.0,Optimization terminated successfully
2024-03,2024-04,50,equal_weighted,representative,2019-04,2024-03,57,drop,3,2019-07;2019-08;2020-04,469,0.9380000000000001,50,0.6204690831556502,0.07748375938583475,0.004905782699210711,0.022706835913980424,cluster_mass,0.0,1.0,not applicable
2024-03,2024-04,50,value_weighted,optimized,2019-04,2024-03,57,drop,3,2019-07;2019-08;2020-04,469,0.9741161383646132,29,0.19141090541373867,0.02511525245891728,0.006362111743355971,0.009597861099086502,tracking_error,0.0,1.0,Optimization terminated successfully
2024-03,2024-04,50,value_weighted,representative,2019-04,2024-03,57,drop,3,2019-07;2019-08;2020-04,469,0.9741161383646132,50,0.42240856072396576,0.058721435053418126,0.004998054814597593,0.017529686010178527,cluster_mass,0.0,1.0,not applicable
2024-03,2024-04,100,equal_weighted,optimized,2019-04,2024-03,57,drop,3,2019-07;2019-08;2020-04,469,0.9380000000000002,44,0.06139243406282526,0.009393178120813155,0.005380826047848842,0.006014727317621331,tracking_error,0.0,1.0,Optimization terminated successfully
2024-03,2024-04,100,equal_weighted,representative,2019-04,2024-03,57,drop,3,2019-07;2019-08;2020-04,469,0.9380000000000002,100,0.25586353944562895,0.0563070149055608,0.007850051318520177,0.0179219073137369,cluster_mass,0.0,1.0,not applicable
2024-03,2024-04,100,value_weighted,optimized,2019-04,2024-03,57,drop,3,2019-07;2019-08;2020-04,469,0.9741161383646133,42,0.1381043588214924,0.01405594861744574,0.004623151602317772,0.006127709777812605,tracking_error,0.0,1.0,Optimization terminated successfully
2024-03,2024-04,100,value_weighted,representative,2019-04,2024-03,57,drop,3,2019-07;2019-08;2020-04,469,0.9741161383646133,100,0.30724951435248016,0.051887823602497544,0.0076090216612255375,0.01668302186197593,cluster_mass,0.0,1.0,not applicable
2024-04,2024-05,25,equal_weighted,optimized,2019-05,2024-04,57,drop,3,2019-07;2019-08;2020-04,468,0.9360000000000002,16,0.27008887518372643,0.057104775545631224,0.00264535189099647,0.01655224125296693,tracking_error,0.0,1.0,Optimization terminated successfully
2024-04,2024-05,25,equal_weighted,representative,2019-05,2024-04,57,drop,3,2019-07;2019-08;2020-04,468,0.9360000000000002,25,0.7008547008547008,0.09274694934470673,0.004754427339931023,0.02696037113901546,cluster_mass,0.0,1.0,not applicable
2024-04,2024-05,25,value_weighted,optimized,2019-05,2024-04,57,drop,3,2019-07;2019-08;2020-04,468,0.9768290213675801,18,0.30615584821052044,0.06450641255130037,0.002133891030641639,0.018580271338087827,tracking_error,0.0,1.0,Optimization terminated successfully
2024-04,2024-05,25,value_weighted,representative,2019-05,2024-04,57,drop,3,2019-07;2019-08;2020-04,468,0.9768290213675801,25,0.7682404325144708,0.10291102017753448,0.002913998236583542,0.029589938229258057,cluster_mass,0.0,1.0,not applicable
2024-04,2024-05,50,equal_weighted,optimized,2019-05,2024-04,57,drop,3,2019-07;2019-08;2020-04,468,0.9360000000000002,30,0.17044379785697758,0.033597817542113835,0.005095480029394311,0.010880320926189749,tracking_error,0.0,1.0,Optimization terminated successfully
2024-04,2024-05,50,equal_weighted,representative,2019-05,2024-04,57,drop,3,2019-07;2019-08;2020-04,468,0.9360000000000002,50,0.6388888888888887,0.07840753927623202,0.004580881755885435,0.022897781589609575,cluster_mass,0.0,1.0,not applicable
2024-04,2024-05,50,value_weighted,optimized,2019-05,2024-04,57,drop,3,2019-07;2019-08;2020-04,468,0.9768290213675801,31,0.10523346606713298,0.03623042116305571,0.004345746821666163,0.011240702717579593,tracking_error,0.0,1.0,Optimization terminated successfully
2024-04,2024-05,50,value_weighted,representative,2019-05,2024-04,57,drop,3,2019-07;2019-08;2020-04,468,0.9768290213675801,50,0.7257097109651905,0.092325785402055,0.002737946721834036,0.026558837400631283,cluster_mass,0.0,1.0,not applicable
2024-04,2024-05,100,equal_weighted,optimized,2019-05,2024-04,57,drop,3,2019-07;2019-08;2020-04,468,0.9360000000000002,48,0.13030230851787372,0.006907634812288523,0.00511518432502953,0.005483761135081037,tracking_error,0.0,1.0,Optimization terminated successfully
2024-04,2024-05,100,equal_weighted,representative,2019-05,2024-04,57,drop,3,2019-07;2019-08;2020-04,468,0.9360000000000002,100,0.23076923076923073,0.04793382845497904,0.004267318590493327,0.014363908251664581,cluster_mass,0.0,1.0,not applicable
2024-04,2024-05,100,value_weighted,optimized,2019-05,2024-04,57,drop,3,2019-07;2019-08;2020-04,468,0.97682902136758,41,0.17003282239765952,0.01121362872711966,0.005089801045073757,0.006016728793588835,tracking_error,0.0,1.0,Optimization terminated successfully
2024-04,2024-05,100,value_weighted,representative,2019-05,2024-04,57,drop,3,2019-07;2019-08;2020-04,468,0.97682902136758,100,0.20406325372516568,0.04679864213068958,0.005651857385886506,0.014534475609091333,cluster_mass,0.0,1.0,not applicable
2024-05,2024-06,25,equal_weighted,optimized,2019-06,2024-05,57,drop,3,2019-07;2019-08;2020-04,471,0.9420000000000002,17,0.2422741873055215,0.04289223154567413,0.003153239450464385,0.012671432282644682,tracking_error,0.0,1.0,Optimization terminated successfully
2024-05,2024-06,25,equal_weighted,representative,2019-06,2024-05,57,drop,3,2019-07;2019-08;2020-04,471,0.9420000000000002,25,0.7133757961783439,0.09261844856987007,0.00361719409788803,0.02674679388821854,cluster_mass,0.0,1.0,not applicable
2024-05,2024-06,25,value_weighted,optimized,2019-06,2024-05,57,drop,3,2019-07;2019-08;2020-04,471,0.9804689511449396,18,0.21270010115931126,0.050395388970032554,0.00229799562977436,0.014601679640134913,tracking_error,0.0,1.0,Optimization terminated successfully
2024-05,2024-06,25,value_weighted,representative,2019-06,2024-05,57,drop,3,2019-07;2019-08;2020-04,471,0.9804689511449396,25,0.7886923532982545,0.1063660167445468,0.0015133602262370643,0.030472290890550306,cluster_mass,0.0,1.0,not applicable
2024-05,2024-06,50,equal_weighted,optimized,2019-06,2024-05,57,drop,3,2019-07;2019-08;2020-04,471,0.9420000000000002,26,0.17316367563591606,0.0366421842262083,0.00550313816512891,0.011840990821305856,tracking_error,0.0,1.0,Optimization terminated successfully
2024-05,2024-06,50,equal_weighted,representative,2019-06,2024-05,57,drop,3,2019-07;2019-08;2020-04,471,0.9420000000000002,50,0.5902335456475584,0.07778260457857612,0.004215406263120645,0.022651759829143317,cluster_mass,0.0,1.0,not applicable
2024-05,2024-06,50,value_weighted,optimized,2019-06,2024-05,57,drop,3,2019-07;2019-08;2020-04,471,0.9804689511449396,29,0.13493559336149208,0.03631215426489209,0.0033483855544812692,0.01091627197317077,tracking_error,0.0,1.0,Optimization terminated successfully
2024-05,2024-06,50,value_weighted,representative,2019-06,2024-05,57,drop,3,2019-07;2019-08;2020-04,471,0.9804689511449396,50,0.38445878792062643,0.0786494483161978,0.0018440306501873085,0.022579525071773594,cluster_mass,0.0,1.0,not applicable
2024-05,2024-06,100,equal_weighted,optimized,2019-06,2024-05,57,drop,3,2019-07;2019-08;2020-04,471,0.9420000000000001,46,0.10349008525792394,0.011422095778421197,0.005477912797503932,0.006378778412957975,tracking_error,0.0,1.0,Optimization terminated successfully
2024-05,2024-06,100,equal_weighted,representative,2019-06,2024-05,57,drop,3,2019-07;2019-08;2020-04,471,0.9420000000000001,100,0.19957537154989383,0.04578791356278179,0.0050235406543002945,0.01403146249118119,cluster_mass,0.0,1.0,not applicable
2024-05,2024-06,100,value_weighted,optimized,2019-06,2024-05,57,drop,3,2019-07;2019-08;2020-04,471,0.9804689511449397,43,0.07533861942963875,0.013198675354207795,0.00645643582390975,0.007479837147676098,tracking_error,0.0,1.0,Optimization terminated successfully
2024-05,2024-06,100,value_weighted,representative,2019-06,2024-05,57,drop,3,2019-07;2019-08;2020-04,471,0.9804689511449397,100,0.2583696613877185,0.057329289000734675,0.006845852750045133,0.017774924508816098,cluster_mass,0.0,1.0,not applicable
2024-06,2024-07,25,equal_weighted,optimized,2019-07,2024-06,57,drop,3,2019-07;2019-08;2020-04,472,0.9440000000000002,17,0.39171974023622413,0.0633554489249984,0.0030529517661662254,0.018383279444502944,tracking_error,0.0,1.0,Optimization terminated successfully
2024-06,2024-07,25,equal_weighted,representative,2019-07,2024-06,57,drop,3,2019-07;2019-08;2020-04,472,0.9440000000000002,25,0.7288135593220338,0.08916655683627647,0.003420368403806122,0.025741627076301878,cluster_mass,0.0,1.0,not applicable
2024-06,2024-07,25,value_weighted,optimized,2019-07,2024-06,57,drop,3,2019-07;2019-08;2020-04,472,0.9811617281717916,15,0.3383854586297749,0.06057948277387232,0.0013502765505844856,0.017386222861320896,tracking_error,0.0,1.0,Optimization terminated successfully
2024-06,2024-07,25,value_weighted,representative,2019-07,2024-06,57,drop,3,2019-07;2019-08;2020-04,472,0.9811617281717916,25,0.7902030439181368,0.10433978496048209,0.00011134716842100101,0.02985512682854674,cluster_mass,0.0,1.0,not applicable
2024-06,2024-07,50,equal_weighted,optimized,2019-07,2024-06,57,drop,3,2019-07;2019-08;2020-04,472,0.9440000000000002,31,0.24665829464416658,0.027077656622788965,0.008029991154297702,0.011158350514761694,tracking_error,0.0,1.0,Optimization terminated successfully
2024-06,2024-07,50,equal_weighted,representative,2019-07,2024-06,57,drop,3,2019-07;2019-08;2020-04,472,0.9440000000000002,50,0.5805084745762711,0.0814162188650721,0.011928311609277426,0.026172066642718806,cluster_mass,0.0,1.0,not applicable
2024-06,2024-07,50,value_weighted,optimized,2019-07,2024-06,57,drop,3,2019-07;2019-08;2020-04,472,0.9811617281717916,33,0.2100242548389022,0.029299940587883072,0.007199887520116431,0.011050964946898703,tracking_error,0.0,1.0,Optimization terminated successfully
2024-06,2024-07,50,value_weighted,representative,2019-07,2024-06,57,drop,3,2019-07;2019-08;2020-04,472,0.9811617281717916,50,0.3688211120117084,0.06319339909714049,0.009074105804281082,0.020230790671400285,cluster_mass,0.0,1.0,not applicable
2024-06,2024-07,100,equal_weighted,optimized,2019-07,2024-06,57,drop,3,2019-07;2019-08;2020-04,472,0.9440000000000001,43,0.11489663302698637,0.009795510504051088,0.0058732155070088075,0.0065077170975337256,tracking_error,0.0,1.0,Optimization terminated successfully
2024-06,2024-07,100,equal_weighted,representative,2019-07,2024-06,57,drop,3,2019-07;2019-08;2020-04,472,0.9440000000000001,100,0.2309322033898305,0.0425270102831069,0.004736093240261668,0.013057515926348415,cluster_mass,0.0,1.0,not applicable
2024-06,2024-07,100,value_weighted,optimized,2019-07,2024-06,57,drop,3,2019-07;2019-08;2020-04,472,0.9811617281717914,42,0.15246146847221548,0.007609744709052917,0.004287491355102661,0.0048087010234015015,tracking_error,0.0,1.0,Optimization terminated successfully
2024-06,2024-07,100,value_weighted,representative,2019-07,2024-06,57,drop,3,2019-07;2019-08;2020-04,472,0.9811617281717914,100,0.26922846570722253,0.045539220102140635,0.005909791835326025,0.014307764281966987,cluster_mass,0.0,1.0,not applicable
2024-07,2024-08,25,equal_weighted,optimized,2019-08,2024-07,58,drop,2,2019-08;2020-04,474,0.9480000000000001,17,0.3050227652913564,0.06013055167435534,0.0022274799713096673,0.01735147419924809,tracking_error,0.0,1.0,Optimization terminated successfully
2024-07,2024-08,25,equal_weighted,representative,2019-08,2024-07,58,drop,2,2019-08;2020-04,474,0.9480000000000001,25,0.7025316455696202,0.08937419544086457,0.002568335478684707,0.025705354830716363,cluster_mass,0.0,1.0,not applicable
2024-07,2024-08,25,value_weighted,optimized,2019-08,2024-07,58,drop,2,2019-08;2020-04,474,0.9816726817801114,20,0.2568013302775213,0.06261255074290555,0.0006150364759763337,0.01792874513720658,tracking_error,0.0,1.0,Optimization terminated successfully
2024-07,2024-08,25,value_weighted,representative,2019-08,2024-07,58,drop,2,2019-08;2020-04,474,0.9816726817801114,25,0.7661094716655464,0.10287653291088016,6.494519845965117e-05,0.029440839128972655,cluster_mass,0.0,1.0,not applicable
2024-07,2024-08,50,equal_weighted,optimized,2019-08,2024-07,58,drop,2,2019-08;2020-04,474,0.948,27,0.20108174097815107,0.02950832538582193,0.006890214098847991,0.010898887904064215,tracking_error,0.0,1.0,Optimization terminated successfully
2024-07,2024-08,50,equal_weighted,representative,2019-08,2024-07,58,drop,2,2019-08;2020-04,474,0.948,50,0.5042194092827005,0.07521203954499063,0.009119414556234539,0.023376062618910738,cluster_mass,0.0,1.0,not applicable
2024-07,2024-08,50,value_weighted,optimized,2019-08,2024-07,58,drop,2,2019-08;2020-04,474,0.9816726817801117,26,0.12456562721697281,0.037633783389265096,0.004596988574433688,0.011709932769621031,tracking_error,0.0,1.0,Optimization terminated successfully
2024-07,2024-08,50,value_weighted,representative,2019-08,2024-07,58,drop,2,2019-08;2020-04,474,0.9816726817801117,50,0.40416902310741737,0.11947905548442357,0.004067133151279219,0.03443304935630105,cluster_mass,0.0,1.0,not applicable
2024-07,2024-08,100,equal_weighted,optimized,2019-08,2024-07,58,drop,2,2019-08;2020-04,474,0.9480000000000001,45,0.11655686773789703,0.009710507444282668,0.00472607708018833,0.00548253174332069,tracking_error,0.0,1.0,Optimization terminated successfully
2024-07,2024-08,100,equal_weighted,representative,2019-08,2024-07,58,drop,2,2019-08;2020-04,474,0.9480000000000001,100,0.32067510548523204,0.05328502433621828,0.008120276297832095,0.01727620502948711,cluster_mass,0.0,1.0,not applicable
2024-07,2024-08,100,value_weighted,optimized,2019-08,2024-07,58,drop,2,2019-08;2020-04,474,0.9816726817801116,42,0.09355497915911237,0.016797650387836347,0.003206937129471543,0.005778621243741695,tracking_error,0.0,1.0,Optimization terminated successfully
2024-07,2024-08,100,value_weighted,representative,2019-08,2024-07,58,drop,2,2019-08;2020-04,474,0.9816726817801116,100,0.2691398731389414,0.07353465491154412,0.0061997465705193435,0.021938090294171195,cluster_mass,0.0,1.0,not applicable
2024-08,2024-09,25,equal_weighted,optimized,2019-09,2024-08,59,drop,1,2020-04,473,0.9460000000000002,19,0.26545905693293936,0.047479181956287454,0.002170656438288997,0.01376167897800749,tracking_error,0.0,1.0,Optimization terminated successfully
2024-08,2024-09,25,equal_weighted,representative,2019-09,2024-08,59,drop,1,2020-04,473,0.9460000000000002,25,0.7230443974630021,0.10757822020005718,0.004104340340989713,0.031063197664259842,cluster_mass,0.0,1.0,not applicable
2024-08,2024-09,25,value_weighted,optimized,2019-09,2024-08,59,drop,1,2020-04,473,0.9817909955981495,19,0.2525882898383972,0.055387208691967976,-0.0003766846353878322,0.0158573062558841,tracking_error,0.0,1.0,Optimization terminated successfully
2024-08,2024-09,25,value_weighted,representative,2019-09,2024-08,59,drop,1,2020-04,473,0.9817909955981495,25,0.47737430669647657,0.22383029196435095,0.0014962377462430195,0.064081791351599,cluster_mass,0.0,1.0,not applicable
2024-08,2024-09,50,equal_weighted,optimized,2019-09,2024-08,59,drop,1,2020-04,473,0.9460000000000002,30,0.20207571952691483,0.027235947891558192,0.00583550348224573,0.009737647047042051,tracking_error,0.0,1.0,Optimization terminated successfully
2024-08,2024-09,50,equal_weighted,representative,2019-09,2024-08,59,drop,1,2020-04,473,0.9460000000000002,50,0.5560253699788583,0.08055938001523402,0.009954395488443759,0.025114565396079033,cluster_mass,0.0,1.0,not applicable
2024-08,2024-09,50,value_weighted,optimized,2019-09,2024-08,59,drop,1,2020-04,473,0.9817909955981495,29,0.13996361547903513,0.03277947810304435,0.004824893045971505,0.010550029754011071,tracking_error,0.0,1.0,Optimization terminated successfully
2024-08,2024-09,50,value_weighted,representative,2019-09,2024-08,59,drop,1,2020-04,473,0.9817909955981495,50,0.3657832164850154,0.08462450023181652,0.005911876579136086,0.02493212684346264,cluster_mass,0.0,1.0,not applicable
2024-08,2024-09,100,equal_weighted,optimized,2019-09,2024-08,59,drop,1,2020-04,473,0.9460000000000001,48,0.09968519786339525,0.008808940864522862,0.0042724251668273495,0.004960893988614077,tracking_error,0.0,1.0,Optimization terminated successfully
2024-08,2024-09,100,equal_weighted,representative,2019-09,2024-08,59,drop,1,2020-04,473,0.9460000000000001,100,0.2536997885835095,0.04791480073607459,0.003418857093059086,0.014133821122493073,cluster_mass,0.0,1.0,not applicable
2024-08,2024-09,100,value_weighted,optimized,2019-09,2024-08,59,drop,1,2020-04,473,0.9817909955981495,39,0.13356110145919675,0.015188478707316466,0.004011809363815246,0.005915482932126822,tracking_error,0.0,1.0,Optimization terminated successfully
2024-08,2024-09,100,value_weighted,representative,2019-09,2024-08,59,drop,1,2020-04,473,0.9817909955981495,100,0.22992587734800152,0.05323787864173508,0.0032377032627094126,0.015577831169948687,cluster_mass,0.0,1.0,not applicable
2024-09,2024-10,25,equal_weighted,optimized,2019-10,2024-09,59,drop,1,2020-04,470,0.9400000000000002,18,0.345217972435217,0.050496834512661584,0.0006298292337298964,0.014466833783425519,tracking_error,0.0,1.0,Optimization terminated successfully
2024-09,2024-10,25,equal_weighted,representative,2019-10,2024-09,59,drop,1,2020-04,470,0.9400000000000002,25,0.8148936170212765,0.09834256990519719,0.0038292811965380423,0.02840672178440157,cluster_mass,0.0,1.0,not applicable
2024-09,2024-10,25,value_weighted,optimized,2019-10,2024-09,59,drop,1,2020-04,470,0.9795663872034042,18,0.271528190696206,0.05507695540428387,-0.0016027635929098559,0.015845300216018966,tracking_error,0.0,1.0,Optimization terminated successfully
2024-09,2024-10,25,value_weighted,representative,2019-10,2024-09,59,drop,1,2020-04,470,0.9795663872034042,25,0.858745585231587,0.1180468273487135,0.0009255924004481572,0.033799835744222705,cluster_mass,0.0,1.0,not applicable
2024-09,2024-10,50,equal_weighted,optimized,2019-10,2024-09,59,drop,1,2020-04,470,0.94,32,0.2254309371199841,0.028197045372018566,0.00480275016106558,0.009391460914199911,tracking_error,0.0,1.0,Optimization terminated successfully
2024-09,2024-10,50,equal_weighted,representative,2019-10,2024-09,59,drop,1,2020-04,470,0.94,50,0.5106382978723404,0.07193560617228371,0.007812361398485391,0.022021618185994102,cluster_mass,0.0,1.0,not applicable
2024-09,2024-10,50,value_weighted,optimized,2019-10,2024-09,59,drop,1,2020-04,470,0.979566387203404,29,0.09202866870078061,0.033509030512577455,0.003188305900776194,0.010106958070574431,tracking_error,0.0,1.0,Optimization terminated successfully
2024-09,2024-10,50,value_weighted,representative,2019-10,2024-09,59,drop,1,2020-04,470,0.979566387203404,50,0.40641696444995945,0.09748248052141281,0.0010084103584479971,0.02791948501617821,cluster_mass,0.0,1.0,not applicable
2024-09,2024-10,100,equal_weighted,optimized,2019-10,2024-09,59,drop,1,2020-04,470,0.94,45,0.08838028832470109,0.01165704282842481,0.005542115634369269,0.006468925931220224,tracking_error,0.0,1.0,Optimization terminated successfully
2024-09,2024-10,100,equal_weighted,representative,2019-10,2024-09,59,drop,1,2020-04,470,0.94,100,0.2723404255319149,0.05268870566621647,0.00782377012549585,0.016989172324187438,cluster_mass,0.0,1.0,not applicable
2024-09,2024-10,100,value_weighted,optimized,2019-10,2024-09,59,drop,1,2020-04,470,0.979566387203404,39,0.18682239145024732,0.014177600668552944,0.004581892178962785,0.006120473418652373,tracking_error,0.0,1.0,Optimization terminated successfully
2024-09,2024-10,100,value_weighted,representative,2019-10,2024-09,59,drop,1,2020-04,470,0.979566387203404,100,0.254809907075239,0.05947077615155776,0.0072846322512050785,0.018514900107177937,cluster_mass,0.0,1.0,not applicable
2024-10,2024-11,25,equal_weighted,optimized,2019-11,2024-10,59,drop,1,2020-04,469,0.9380000000000001,20,0.35405201630429617,0.05130075588667465,0.00244797655018674,0.014885878081505405,tracking_error,0.0,1.0,Optimization terminated successfully
2024-10,2024-11,25,equal_weighted,representative,2019-11,2024-10,59,drop,1,2020-04,469,0.9380000000000001,25,0.7036247334754797,0.08873964420379449,0.0026193889743052288,0.025533619880806945,cluster_mass,0.0,1.0,not applicable
2024-10,2024-11,25,value_weighted,optimized,2019-11,2024-10,59,drop,1,2020-04,469,0.978407568382203,19,0.2802224262114813,0.058482846629981884,-0.000274712122702813,0.01674111387343554,tracking_error,0.0,1.0,Optimization terminated successfully
2024-10,2024-11,25,value_weighted,representative,2019-11,2024-10,59,drop,1,2020-04,469,0.978407568382203,25,0.7826875984184061,0.11044505019007464,-0.00048304098151484174,0.03161508269073859,cluster_mass,0.0,1.0,not applicable
2024-10,2024-11,50,equal_weighted,optimized,2019-11,2024-10,59,drop,1,2020-04,469,0.9380000000000001,29,0.19972912911214222,0.03121809701679014,0.0045641593566635155,0.010033402797856843,tracking_error,0.0,1.0,Optimization terminated successfully
2024-10,2024-11,50,equal_weighted,representative,2019-11,2024-10,59,drop,1,2020-04,469,0.9380000000000001,50,0.5117270788912579,0.07917802617990351,0.00106337809649091,0.02268713320950845,cluster_mass,0.0,1.0,not applicable
2024-10,2024-11,50,value_weighted,optimized,2019-11,2024-10,59,drop,1,2020-04,469,0.9784075683822032,28,0.11244378920320236,0.041915449599177416,0.003745876273558103,0.012568167243656869,tracking_error,0.0,1.0,Optimization terminated successfully
2024-10,2024-11,50,value_weighted,representative,2019-11,2024-10,59,drop,1,2020-04,469,0.9784075683822032,50,0.38999481842165673,0.1147931058070788,-0.0016226065793646957,0.03289592760379741,cluster_mass,0.0,1.0,not applicable
2024-10,2024-11,100,equal_weighted,optimized,2019-11,2024-10,59,drop,1,2020-04,469,0.9380000000000001,47,0.1338141495020312,0.010386050047210695,0.003843598091394334,0.004859018122293819,tracking_error,0.0,1.0,Optimization terminated successfully
2024-10,2024-11,100,equal_weighted,representative,2019-11,2024-10,59,drop,1,2020-04,469,0.9380000000000001,100,0.21108742004264391,0.039610556175160884,0.0037497898994615277,0.011941294237239719,cluster_mass,0.0,1.0,not applicable
2024-10,2024-11,100,value_weighted,optimized,2019-11,2024-10,59,drop,1,2020-04,469,0.9784075683822032,42,0.20374978345281897,0.011779532829763302,0.0036972987413351832,0.005003713531365357,tracking_error,0.0,1.0,Optimization terminated successfully
2024-10,2024-11,100,value_weighted,representative,2019-11,2024-10,59,drop,1,2020-04,469,0.9784075683822032,100,0.2538993555051538,0.04525136494077378,0.004133160652137398,0.013595267834358006,cluster_mass,0.0,1.0,not applicable
2024-11,2024-12,25,equal_weighted,optimized,2019-12,2024-11,59,drop,1,2020-04,465,0.9300000000000002,17,0.28329190615174193,0.052622305167214355,0.0029304632564582144,0.015343903140207582,tracking_error,0.0,1.0,Optimization terminated successfully
2024-11,2024-12,25,equal_weighted,representative,2019-12,2024-11,59,drop,1,2020-04,465,0.9300000000000002,25,0.7247311827956988,0.0942463327313119,0.003195059080736283,0.027163583769884956,cluster_mass,0.0,1.0,not applicable
2024-11,2024-12,25,value_weighted,optimized,2019-12,2024-11,59,drop,1,2020-04,465,0.9743154267947456,15,0.21863140839221504,0.04973333347054772,0.001287542532692124,0.014292700753401482,tracking_error,0.0,1.0,Optimization terminated successfully
2024-11,2024-12,25,value_weighted,representative,2019-12,2024-11,59,drop,1,2020-04,465,0.9743154267947456,25,0.7841861704793556,0.1104845265257113,0.0009239856171199334,0.03163618729758262,cluster_mass,0.0,1.0,not applicable
2024-11,2024-12,50,equal_weighted,optimized,2019-12,2024-11,59,drop,1,2020-04,465,0.9300000000000002,33,0.17862982303285765,0.027363902409974727,0.007181959083516195,0.010626454216220778,tracking_error,0.0,1.0,Optimization terminated successfully
2024-11,2024-12,50,equal_weighted,representative,2019-12,2024-11,59,drop,1,2020-04,465,0.9300000000000002,50,0.5655913978494623,0.08431648006299497,0.011025870052123196,0.0265323865831303,cluster_mass,0.0,1.0,not applicable
2024-11,2024-12,50,value_weighted,optimized,2019-12,2024-11,59,drop,1,2020-04,465,0.9743154267947456,30,0.08977726332947294,0.03691627210450363,0.0038350973688013835,0.011240582406435514,tracking_error,0.0,1.0,Optimization terminated successfully
2024-11,2024-12,50,value_weighted,representative,2019-12,2024-11,59,drop,1,2020-04,465,0.9743154267947456,50,0.37019983194205386,0.10455696869976136,0.010081182684758447,0.031578515630527,cluster_mass,0.0,1.0,not applicable
2024-11,2024-12,100,equal_weighted,optimized,2019-12,2024-11,59,drop,1,2020-04,465,0.93,49,0.14631695191036073,0.009762120721861452,0.003909939965190132,0.004805685262096726,tracking_error,0.0,1.0,Optimization terminated successfully
2024-11,2024-12,100,equal_weighted,representative,2019-12,2024-11,59,drop,1,2020-04,465,0.93,100,0.2129032258064516,0.044681956249420667,0.003489623214142516,0.013256345208814812,cluster_mass,0.0,1.0,not applicable
2024-11,2024-12,100,value_weighted,optimized,2019-12,2024-11,59,drop,1,2020-04,465,0.9743154267947455,43,0.1737635042681622,0.008479346425559803,0.002735240975801835,0.0036567198607706354,tracking_error,0.0,1.0,Optimization terminated successfully
2024-11,2024-12,100,value_weighted,representative,2019-12,2024-11,59,drop,1,2020-04,465,0.9743154267947455,100,0.25613007061539894,0.04374449068392751,0.0033793174223885154,0.012968501368330266,cluster_mass,0.0,1.0,not applicable
2024-12,2025-01,25,equal_weighted,optimized,2020-01,2024-12,59,drop,1,2020-04,465,0.9300000000000002,20,0.4210274922981192,0.05576164456579265,0.0022334581740706553,0.01611552045826221,tracking_error,0.0,1.0,Optimization terminated successfully
2024-12,2025-01,25,equal_weighted,representative,2020-01,2024-12,59,drop,1,2020-04,465,0.9300000000000002,25,0.7225806451612903,0.09188217959848086,0.0030949013216693974,0.026479843711071715,cluster_mass,0.0,1.0,not applicable
2024-12,2025-01,25,value_weighted,optimized,2020-01,2024-12,59,drop,1,2020-04,465,0.9748975783312335,19,0.2885565662026585,0.06173819819304322,0.0007308407937316813,0.01768570792751501,tracking_error,0.0,1.0,Optimization terminated successfully
2024-12,2025-01,25,value_weighted,representative,2020-01,2024-12,59,drop,1,2020-04,465,0.9748975783312335,25,0.8218677397448286,0.11787265093248551,-0.0007493574147669076,0.03374562860290787,cluster_mass,0.0,1.0,not applicable
2024-12,2025-01,50,equal_weighted,optimized,2020-01,2024-12,59,drop,1,2020-04,465,0.9300000000000002,33,0.2289907722738432,0.02673473647875164,0.005655086608709769,0.00951486489634416,tracking_error,0.0,1.0,Optimization terminated successfully
2024-12,2025-01,50,equal_weighted,representative,2020-01,2024-12,59,drop,1,2020-04,465,0.9300000000000002,50,0.561290322580645,0.08379396239845403,0.011298780672863124,0.026511585854488994,cluster_mass,0.0,1.0,not applicable
2024-12,2025-01,50,value_weighted,optimized,2020-01,2024-12,59,drop,1,2020-04,465,0.9748975783312336,28,0.1659241628342618,0.03572395183166256,0.0038770887514967094,0.010935233650115797,tracking_error,0.0,1.0,Optimization terminated successfully
2024-12,2025-01,50,value_weighted,representative,2020-01,2024-12,59,drop,1,2020-04,465,0.9748975783312336,50,0.4083729366953697,0.09064791115517909,0.006154802296232764,0.026665131669945726,cluster_mass,0.0,1.0,not applicable
2024-12,2025-01,100,equal_weighted,optimized,2020-01,2024-12,59,drop,1,2020-04,465,0.9300000000000002,47,0.11939019607877988,0.008222961110697508,0.003768030390737887,0.004442668805376149,tracking_error,0.0,1.0,Optimization terminated successfully
2024-12,2025-01,100,equal_weighted,representative,2020-01,2024-12,59,drop,1,2020-04,465,0.9300000000000002,100,0.2193548387096774,0.04052830413942366,0.0041632118374339295,0.012324405701684325,cluster_mass,0.0,1.0,not applicable
2024-12,2025-01,100,value_weighted,optimized,2020-01,2024-12,59,drop,1,2020-04,465,0.9748975783312334,45,0.15259665288095722,0.012760349142991246,0.00326550887906905,0.004899228831851976,tracking_error,0.0,1.0,Optimization terminated successfully
2024-12,2025-01,100,value_weighted,representative,2020-01,2024-12,59,drop,1,2020-04,465,0.9748975783312334,100,0.27867011357933386,0.04642583036569031,0.003735594977192543,0.013803025864765188,cluster_mass,0.0,1.0,not applicable
2025-01,2025-02,25,equal_weighted,optimized,2020-02,2025-01,59,drop,1,2020-04,463,0.9260000000000002,19,0.27398253993824256,0.04830571621404422,0.0022367146267703556,0.014005734119439702,tracking_error,0.0,1.0,Optimization terminated successfully
2025-01,2025-02,25,equal_weighted,representative,2020-02,2025-01,59,drop,1,2020-04,463,0.9260000000000002,25,0.7170626349892008,0.1059837357362472,0.0031165159477980677,0.03049415525839741,cluster_mass,0.0,1.0,not applicable
2025-01,2025-02,25,value_weighted,optimized,2020-02,2025-01,59,drop,1,2020-04,463,0.972615640946976,19,0.27827137444094097,0.05892154022443198,0.00206081497955547,0.01698987006569922,tracking_error,0.0,1.0,Optimization terminated successfully
2025-01,2025-02,25,value_weighted,representative,2020-02,2025-01,59,drop,1,2020-04,463,0.972615640946976,25,0.4535538322030131,0.21922943698782438,0.0018640501450828144,0.06277515416284732,cluster_mass,0.0,1.0,not applicable
2025-01,2025-02,50,equal_weighted,optimized,2020-02,2025-01,59,drop,1,2020-04,463,0.926,31,0.1963240172240047,0.031539563812352935,0.007188488157461405,0.011539700891948789,tracking_error,0.0,1.0,Optimization terminated successfully
2025-01,2025-02,50,equal_weighted,representative,2020-02,2025-01,59,drop,1,2020-04,463,0.926,50,0.5226781857451404,0.07978696904193769,0.009584557313980304,0.024766287000293166,cluster_mass,0.0,1.0,not applicable
2025-01,2025-02,50,value_weighted,optimized,2020-02,2025-01,59,drop,1,2020-04,463,0.9726156409469758,29,0.18817625064350893,0.03637058228722964,0.004041045976593105,0.01116676326417288,tracking_error,0.0,1.0,Optimization terminated successfully
2025-01,2025-02,50,value_weighted,representative,2020-02,2025-01,59,drop,1,2020-04,463,0.9726156409469758,50,0.3629738865984268,0.08585033314014807,0.0054976910870296,0.02517944762568498,cluster_mass,0.0,1.0,not applicable
2025-01,2025-02,100,equal_weighted,optimized,2020-02,2025-01,59,drop,1,2020-04,463,0.9260000000000002,46,0.09789177180122617,0.007077155281703009,0.0052971974242437955,0.005671278633705906,tracking_error,0.0,1.0,Optimization terminated successfully
2025-01,2025-02,100,equal_weighted,representative,2020-02,2025-01,59,drop,1,2020-04,463,0.9260000000000002,100,0.29373650107991356,0.06100572873845016,0.007185925180144229,0.01888180240384149,cluster_mass,0.0,1.0,not applicable
2025-01,2025-02,100,value_weighted,optimized,2020-02,2025-01,59,drop,1,2020-04,463,0.9726156409469758,43,0.16779557370780807,0.015344264524360426,0.003456685341433197,0.005588976639546725,tracking_error,0.0,1.0,Optimization terminated successfully
2025-01,2025-02,100,value_weighted,representative,2020-02,2025-01,59,drop,1,2020-04,463,0.9726156409469758,100,0.2693706372947794,0.05574803059708546,0.0055788462747859684,0.01690327857964775,cluster_mass,0.0,1.0,not applicable
2025-02,2025-03,25,equal_weighted,optimized,2020-03,2025-02,59,drop,1,2020-04,465,0.9300000000000002,18,0.31358338542896935,0.055937159090649155,0.00437060587210505,0.01659608085592537,tracking_error,0.0,1.0,Optimization terminated successfully
2025-02,2025-03,25,equal_weighted,representative,2020-03,2025-02,59,drop,1,2020-04,465,0.9300000000000002,25,0.6989247311827956,0.09033093685425725,0.002661475674503367,0.02599099195947218,cluster_mass,0.0,1.0,not applicable
2025-02,2025-03,25,value_weighted,optimized,2020-03,2025-02,59,drop,1,2020-04,465,0.9736392414109547,19,0.24106440434859278,0.05919645098519918,0.0017311678864970488,0.017031318113427313,tracking_error,0.0,1.0,Optimization terminated successfully
2025-02,2025-03,25,value_weighted,representative,2020-03,2025-02,59,drop,1,2020-04,465,0.9736392414109547,25,0.772224505650497,0.11400933964120592,-0.00044929014008153196,0.03263465002224324,cluster_mass,0.0,1.0,not applicable
2025-02,2025-03,50,equal_weighted,optimized,2020-03,2025-02,59,drop,1,2020-04,465,0.9299999999999999,28,0.16281024617257736,0.03035349258190527,0.004638758274852814,0.009848585400642075,tracking_error,0.0,1.0,Optimization terminated successfully
2025-02,2025-03,50,equal_weighted,representative,2020-03,2025-02,59,drop,1,2020-04,465,0.9299999999999999,50,0.5290322580645161,0.07706224414840032,0.010025974416985607,0.024228387913149643,cluster_mass,0.0,1.0,not applicable
2025-02,2025-03,50,value_weighted,optimized,2020-03,2025-02,59,drop,1,2020-04,465,0.9736392414109548,29,0.11772414173175716,0.03694247228100928,0.0009857497281093922,0.010619460893560487,tracking_error,0.0,1.0,Optimization terminated successfully
2025-02,2025-03,50,value_weighted,representative,2020-03,2025-02,59,drop,1,2020-04,465,0.9736392414109548,50,0.357386567035414,0.12233332213510636,0.008104598966339693,0.03593976957257631,cluster_mass,0.0,1.0,not applicable
2025-02,2025-03,100,equal_weighted,optimized,2020-03,2025-02,59,drop,1,2020-04,465,0.93,48,0.07817600661856826,0.00962446238552999,0.0028162530129465257,0.00393949704831417,tracking_error,0.0,1.0,Optimization terminated successfully
2025-02,2025-03,100,equal_weighted,representative,2020-03,2025-02,59,drop,1,2020-04,465,0.93,100,0.2021505376344086,0.04093152740461171,0.0033743724122471306,0.012191630210261704,cluster_mass,0.0,1.0,not applicable
2025-02,2025-03,100,value_weighted,optimized,2020-03,2025-02,59,drop,1,2020-04,465,0.9736392414109549,39,0.2038312922725379,0.013682686005416948,0.002776818262604796,0.004800793176654303,tracking_error,0.0,1.0,Optimization terminated successfully
2025-02,2025-03,100,value_weighted,representative,2020-03,2025-02,59,drop,1,2020-04,465,0.9736392414109549,100,0.3172024717833382,0.04282076401439446,0.002957066855939787,0.012607770405402726,cluster_mass,0.0,1.0,not applicable
2025-03,2025-04,25,equal_weighted,optimized,2020-04,2025-03,59,drop,1,2020-04,468,0.936,17,0.2373835767277537,0.04375234997132948,0.005333019532284318,0.01361101292301477,tracking_error,0.0,1.0,Optimization terminated successfully
2025-03,2025-04,25,equal_weighted,representative,2020-04,2025-03,59,drop,1,2020-04,468,0.936,25,0.5833333333333334,0.08098302888190972,0.0031639300909749373,0.023393766289131722,cluster_mass,0.0,1.0,not applicable
2025-03,2025-04,25,value_weighted,optimized,2020-04,2025-03,59,drop,1,2020-04,468,0.9765902591966998,18,0.25842354620655617,0.06409789204437252,0.003710690647265059,0.018717492260567792,tracking_error,0.0,1.0,Optimization terminated successfully
2025-03,2025-04,25,value_weighted,representative,2020-04,2025-03,59,drop,1,2020-04,468,0.9765902591966998,25,0.6683729236621422,0.10431240586753796,0.0007541247126898315,0.029865639978230045,cluster_mass,0.0,1.0,not applicable
2025-03,2025-04,50,equal_weighted,optimized,2020-04,2025-03,59,drop,1,2020-04,468,0.936,28,0.11477173467561487,0.02758537280202298,0.004297941626011831,0.008989451755224377,tracking_error,0.0,1.0,Optimization terminated successfully
2025-03,2025-04,50,equal_weighted,representative,2020-04,2025-03,59,drop,1,2020-04,468,0.936,50,0.41666666666666663,0.058633745822333626,0.0026335239269882635,0.01698742614211635,cluster_mass,0.0,1.0,not applicable
2025-03,2025-04,50,value_weighted,optimized,2020-04,2025-03,59,drop,1,2020-04,468,0.9765902591966998,29,0.19351208083200225,0.0280562085143719,0.0007659932423475107,0.00806665071127797,tracking_error,0.0,1.0,Optimization terminated successfully
2025-03,2025-04,50,value_weighted,representative,2020-04,2025-03,59,drop,1,2020-04,468,0.9765902591966998,50,0.3423964894046422,0.06995507849504255,0.0005110809230457485,0.020028943980125252,cluster_mass,0.0,1.0,not applicable
2025-03,2025-04,100,equal_weighted,optimized,2020-04,2025-03,59,drop,1,2020-04,468,0.936,48,0.09666614121719203,0.006646339205815632,0.003364061070621423,0.003864669008958339,tracking_error,0.0,1.0,Optimization terminated successfully
2025-03,2025-04,100,equal_weighted,representative,2020-04,2025-03,59,drop,1,2020-04,468,0.936,100,0.19444444444444442,0.03918330093518409,0.0041175871241489175,0.011946975894660908,cluster_mass,0.0,1.0,not applicable
2025-03,2025-04,100,value_weighted,optimized,2020-04,2025-03,59,drop,1,2020-04,468,0.9765902591966998,38,0.14045575719992598,0.013421406304747523,0.003768844507044514,0.005381537056436089,tracking_error,0.0,1.0,Optimization terminated successfully
2025-03,2025-04,100,value_weighted,representative,2020-04,2025-03,59,drop,1,2020-04,468,0.9765902591966998,100,0.24660434407242832,0.04724802908779474,0.0033200972963779996,0.01392484565962173,cluster_mass,0.0,1.0,not applicable
2025-04,2025-05,25,equal_weighted,optimized,2020-05,2025-04,60,drop,0,,467,0.934,20,0.3458763981609751,0.05175703740693036,0.00485146249432744,0.01559001995347346,tracking_error,0.0,1.0,Optimization terminated successfully
2025-04,2025-05,25,equal_weighted,representative,2020-05,2025-04,60,drop,0,,467,0.934,25,0.6017130620985011,0.07689007476010336,0.003638902253033547,0.02230928092612586,cluster_mass,0.0,1.0,not applicable
2025-04,2025-05,25,value_weighted,optimized,2020-05,2025-04,60,drop,0,,467,0.9735640523127701,19,0.2898712868214864,0.059875055090717,0.0039028908789583918,0.017578544067281918,tracking_error,0.0,1.0,Optimization terminated successfully
2025-04,2025-05,25,value_weighted,representative,2020-05,2025-04,60,drop,0,,467,0.9735640523127701,25,0.7321384254772235,0.1062432557175482,0.000617049293191582,0.030419389686791698,cluster_mass,0.0,1.0,not applicable
2025-04,2025-05,50,equal_weighted,optimized,2020-05,2025-04,60,drop,0,,467,0.9340000000000002,34,0.2282827840909016,0.028333864264155482,0.0050734253767565395,0.009566885045617864,tracking_error,0.0,1.0,Optimization terminated successfully
2025-04,2025-05,50,equal_weighted,representative,2020-05,2025-04,60,drop,0,,467,0.9340000000000002,50,0.5032119914346894,0.06304100201724777,0.003588334515703068,0.018399378472840747,cluster_mass,0.0,1.0,not applicable
2025-04,2025-05,50,value_weighted,optimized,2020-05,2025-04,60,drop,0,,467,0.9735640523127701,32,0.21703682020516907,0.02779710991802169,0.0029282313846494363,0.008478874727009714,tracking_error,0.0,1.0,Optimization terminated successfully
2025-04,2025-05,50,value_weighted,representative,2020-05,2025-04,60,drop,0,,467,0.9735640523127701,50,0.3513903182820751,0.05515829162543391,0.0018811472736205875,0.015901243217206512,cluster_mass,0.0,1.0,not applicable
2025-04,2025-05,100,equal_weighted,optimized,2020-05,2025-04,60,drop,0,,467,0.9340000000000002,55,0.0689212618623624,0.0028200954505222062,0.004111911011636837,0.004190407054501571,tracking_error,0.0,1.0,Optimization terminated successfully
2025-04,2025-05,100,equal_weighted,representative,2020-05,2025-04,60,drop,0,,467,0.9340000000000002,100,0.1755888650963597,0.040203306243780546,0.007462255429336184,0.013716141572050058,cluster_mass,0.0,1.0,not applicable
2025-04,2025-05,100,value_weighted,optimized,2020-05,2025-04,60,drop,0,,467,0.9735640523127699,43,0.15844229290662,0.012832124008574081,0.004320967260932433,0.0056713322457668525,tracking_error,0.0,1.0,Optimization terminated successfully
2025-04,2025-05,100,value_weighted,representative,2020-05,2025-04,60,drop,0,,467,0.9735640523127699,100,0.31112346429610593,0.047835958247110476,0.0051197369537296184,0.01461928349086003,cluster_mass,0.0,1.0,not applicable
2025-05,2025-06,25,equal_weighted,optimized,2020-06,2025-05,60,drop,0,,466,0.932,19,0.24255598185783475,0.045314310419615214,0.003144187124776481,0.013347267413113118,tracking_error,0.0,1.0,Optimization terminated successfully
2025-05,2025-06,25,equal_weighted,representative,2020-06,2025-05,60,drop,0,,466,0.932,25,0.6351931330472103,0.08842886199391585,0.002822066540057221,0.025470415225301902,cluster_mass,0.0,1.0,not applicable
2025-05,2025-06,25,value_weighted,optimized,2020-06,2025-05,60,drop,0,,466,0.9703777577654242,19,0.17376092448462221,0.054753084485877276,0.0015043573943729065,0.015745614072952656,tracking_error,0.0,1.0,Optimization terminated successfully
2025-05,2025-06,25,value_weighted,representative,2020-06,2025-05,60,drop,0,,466,0.9703777577654242,25,0.7438918824094953,0.11423421872170385,-0.0002080065509705834,0.0327012805333009,cluster_mass,0.0,1.0,not applicable
2025-05,2025-06,50,equal_weighted,optimized,2020-06,2025-05,60,drop,0,,466,0.932,39,0.1194152075665384,0.023843987356092538,0.0032142847285823797,0.0075445325307119514,tracking_error,0.0,1.0,Optimization terminated successfully
2025-05,2025-06,50,equal_weighted,representative,2020-06,2025-05,60,drop,0,,466,0.932,50,0.4506437768240343,0.07071569621857379,0.0035855652882689536,0.020558128707372912,cluster_mass,0.0,1.0,not applicable
2025-05,2025-06,50,value_weighted,optimized,2020-06,2025-05,60,drop,0,,466,0.9703777577654242,32,0.08113592228072197,0.03631808737006014,0.0036163990403607913,0.011007422432456162,tracking_error,0.0,1.0,Optimization terminated successfully
2025-05,2025-06,50,value_weighted,representative,2020-06,2025-05,60,drop,0,,466,0.9703777577654242,50,0.3642104340050385,0.18091128521113697,-0.00010337285506751351,0.05178765924117893,cluster_mass,0.0,1.0,not applicable
2025-05,2025-06,100,equal_weighted,optimized,2020-06,2025-05,60,drop,0,,466,0.9320000000000002,53,0.08200585508047754,0.005219296127882126,0.0011041119756768892,0.0018577718193670894,tracking_error,0.0,1.0,Optimization terminated successfully
2025-05,2025-06,100,equal_weighted,representative,2020-06,2025-05,60,drop,0,,466,0.9320000000000002,100,0.19742489270386263,0.039056424628604425,0.004159718292560795,0.011929026137157841,cluster_mass,0.0,1.0,not applicable
2025-05,2025-06,100,value_weighted,optimized,2020-06,2025-05,60,drop,0,,466,0.9703777577654245,42,0.1958812369223987,0.0126574856299067,0.0012294642176964707,0.00382623324978647,tracking_error,0.0,1.0,Optimization terminated successfully
2025-05,2025-06,100,value_weighted,representative,2020-06,2025-05,60,drop,0,,466,0.9703777577654245,100,0.3223684946860748,0.04437964585115267,0.0029355974087582467,0.013038851779920613,cluster_mass,0.0,1.0,not applicable
2025-06,2025-07,25,equal_weighted,optimized,2020-07,2025-06,60,drop,0,,465,0.9300000000000002,20,0.27946589313741815,0.0426741217654946,0.005484553356684465,0.013390585095039148,tracking_error,0.0,1.0,Optimization terminated successfully
2025-06,2025-07,25,equal_weighted,representative,2020-07,2025-06,60,drop,0,,465,0.9300000000000002,25,0.6064516129032258,0.08489136379129249,0.009503708972401432,0.026093230917165696,cluster_mass,0.0,1.0,not applicable
2025-06,2025-07,25,value_weighted,optimized,2020-07,2025-06,60,drop,0,,465,0.9684524774860264,20,0.20139602531435694,0.04982711767944822,0.003061408757239187,0.014588320989706013,tracking_error,0.0,1.0,Optimization terminated successfully
2025-06,2025-07,25,value_weighted,representative,2020-07,2025-06,60,drop,0,,465,0.9684524774860264,25,0.49777054007449334,0.1416544433992834,0.007916328258543354,0.041315420193997504,cluster_mass,0.0,1.0,not applicable
2025-06,2025-07,50,equal_weighted,optimized,2020-07,2025-06,60,drop,0,,465,0.93,31,0.18231627758813587,0.02990723504107091,0.002191090432931154,0.008837165159907921,tracking_error,0.0,1.0,Optimization terminated successfully
2025-06,2025-07,50,equal_weighted,representative,2020-07,2025-06,60,drop,0,,465,0.93,50,0.35913978494623655,0.058897581048328686,0.0033082812304659464,0.01718149763599142,cluster_mass,0.0,1.0,not applicable
2025-06,2025-07,50,value_weighted,optimized,2020-07,2025-06,60,drop,0,,465,0.9684524774860264,28,0.21854279053156483,0.029127980070273073,0.0013843367052895294,0.008452293705563652,tracking_error,0.0,1.0,Optimization terminated successfully
2025-06,2025-07,50,value_weighted,representative,2020-07,2025-06,60,drop,0,,465,0.9684524774860264,50,0.3094732086765639,0.05246397580513103,0.0019095632091170372,0.015139219095307589,cluster_mass,0.0,1.0,not applicable
2025-06,2025-07,100,equal_weighted,optimized,2020-07,2025-06,60,drop,0,,465,0.9300000000000002,50,0.07770048539661545,0.007582063922143522,0.0013605574607242017,0.002561623253991283,tracking_error,0.0,1.0,Optimization terminated successfully
2025-06,2025-07,100,equal_weighted,representative,2020-07,2025-06,60,drop,0,,465,0.9300000000000002,100,0.19999999999999996,0.042175510245093355,0.004714825352329744,0.012961103264283564,cluster_mass,0.0,1.0,not applicable
2025-06,2025-07,100,value_weighted,optimized,2020-07,2025-06,60,drop,0,,465,0.9684524774860264,45,0.1273715795789956,0.014589714360426245,0.0005000892333251922,0.004206276790526874,tracking_error,0.0,1.0,Optimization terminated successfully
2025-06,2025-07,100,value_weighted,representative,2020-07,2025-06,60,drop,0,,465,0.9684524774860264,100,0.24602184231080026,0.06856126186552183,0.002794403862591209,0.019824241964245214,cluster_mass,0.0,1.0,not applicable
2025-07,2025-08,25,equal_weighted,optimized,2020-08,2025-07,60,drop,0,,462,0.9239999999999999,19,0.33652492752426516,0.04134593200263489,0.005138209266707664,0.012902871101367858,tracking_error,0.0,1.0,Optimization terminated successfully
2025-07,2025-08,25,equal_weighted,representative,2020-08,2025-07,60,drop,0,,462,0.9239999999999999,25,0.6277056277056277,0.07655960226208477,0.00910392918210678,0.023731591940187598,cluster_mass,0.0,1.0,not applicable
2025-07,2025-08,25,value_weighted,optimized,2020-08,2025-07,60,drop,0,,462,0.9651511723569148,20,0.22069610313687812,0.04233217724200946,0.00034498636605644013,0.012122893390862458,tracking_error,0.0,1.0,Optimization terminated successfully
2025-07,2025-08,25,value_weighted,representative,2020-08,2025-07,60,drop,0,,462,0.9651511723569148,25,0.4247451607030182,0.08888863486645388,0.0025196313754813167,0.02556965230095551,cluster_mass,0.0,1.0,not applicable
2025-07,2025-08,50,equal_weighted,optimized,2020-08,2025-07,60,drop,0,,462,0.9239999999999999,29,0.15717164827611307,0.028070548429723504,0.0035288663622440987,0.00877618875118587,tracking_error,0.0,1.0,Optimization terminated successfully
2025-07,2025-08,50,equal_weighted,representative,2020-08,2025-07,60,drop,0,,462,0.9239999999999999,50,0.4523809523809524,0.07466039708766099,0.0085091970031746,0.02300389311628419,cluster_mass,0.0,1.0,not applicable
2025-07,2025-08,50,value_weighted,optimized,2020-08,2025-07,60,drop,0,,462,0.9651511723569147,27,0.2768248054388531,0.03484950353244744,0.003053292782714791,0.010432791226547977,tracking_error,0.0,1.0,Optimization terminated successfully
2025-07,2025-08,50,value_weighted,representative,2020-08,2025-07,60,drop,0,,462,0.9651511723569147,50,0.39890455010378745,0.06330419146919301,0.005742896947781636,0.01900964820275378,cluster_mass,0.0,1.0,not applicable
2025-07,2025-08,100,equal_weighted,optimized,2020-08,2025-07,60,drop,0,,462,0.924,49,0.08323502884048219,0.008080102125056101,0.0024399442225850666,0.0033620411693236897,tracking_error,0.0,1.0,Optimization terminated successfully
2025-07,2025-08,100,equal_weighted,representative,2020-08,2025-07,60,drop,0,,462,0.924,100,0.20779220779220778,0.0386191811626242,0.004489145848773448,0.011931795640672004,cluster_mass,0.0,1.0,not applicable
2025-07,2025-08,100,value_weighted,optimized,2020-08,2025-07,60,drop,0,,462,0.9651511723569147,46,0.15728304836034265,0.012958702111085208,0.0012901568385560401,0.003927501507326839,tracking_error,0.0,1.0,Optimization terminated successfully
2025-07,2025-08,100,value_weighted,representative,2020-08,2025-07,60,drop,0,,462,0.9651511723569147,100,0.275806956607129,0.042156759603861255,0.002820539195697983,0.012393001397113917,cluster_mass,0.0,1.0,not applicable
2025-08,2025-09,25,equal_weighted,optimized,2020-09,2025-08,60,drop,0,,468,0.936,20,0.27715353340821763,0.04413103079604566,0.003938458682680694,0.01323261825107763,tracking_error,0.0,1.0,Optimization terminated successfully
2025-08,2025-09,25,equal_weighted,representative,2020-09,2025-08,60,drop,0,,468,0.936,25,0.6623931623931624,0.09091769076172906,0.00971709568148148,0.027780872866983646,cluster_mass,0.0,1.0,not applicable
2025-08,2025-09,25,value_weighted,optimized,2020-09,2025-08,60,drop,0,,468,0.9689999594195345,17,0.22006899939222868,0.0605401348117464,0.0032964502283486514,0.017640913147826228,tracking_error,0.0,1.0,Optimization terminated successfully
2025-08,2025-09,25,value_weighted,representative,2020-09,2025-08,60,drop,0,,468,0.9689999594195345,25,0.7865855480743336,0.1270082471484315,0.008583124960549896,0.03735670809021389,cluster_mass,0.0,1.0,not applicable
2025-08,2025-09,50,equal_weighted,optimized,2020-09,2025-08,60,drop,0,,468,0.9359999999999999,33,0.15786666855843773,0.02544628322002142,0.0024171238908276727,0.007674803448776955,tracking_error,0.0,1.0,Optimization terminated successfully
2025-08,2025-09,50,equal_weighted,representative,2020-09,2025-08,60,drop,0,,468,0.9359999999999999,50,0.48076923076923084,0.06944699122200722,0.009998227305413108,0.02225248632357034,cluster_mass,0.0,1.0,not applicable
2025-08,2025-09,50,value_weighted,optimized,2020-09,2025-08,60,drop,0,,468,0.9689999594195345,30,0.09194692358178573,0.03358965855194078,0.004609873101454901,0.010663301171203884,tracking_error,0.0,1.0,Optimization terminated successfully
2025-08,2025-09,50,value_weighted,representative,2020-09,2025-08,60,drop,0,,468,0.9689999594195345,50,0.39045944718134135,0.11890096025711401,0.00942354181168076,0.03531696011465394,cluster_mass,0.0,1.0,not applicable
2025-08,2025-09,100,equal_weighted,optimized,2020-09,2025-08,60,drop,0,,468,0.936,49,0.12394552693041073,0.006890390526985154,0.0019375890448184209,0.002764917206917952,tracking_error,0.0,1.0,Optimization terminated successfully
2025-08,2025-09,100,equal_weighted,representative,2020-09,2025-08,60,drop,0,,468,0.936,100,0.1987179487179487,0.04009616891742068,0.005151584321082618,0.01258098289757905,cluster_mass,0.0,1.0,not applicable
2025-08,2025-09,100,value_weighted,optimized,2020-09,2025-08,60,drop,0,,468,0.9689999594195345,50,0.13804415349147034,0.009237942461902338,0.0024220218337994513,0.0035859858214700377,tracking_error,0.0,1.0,Optimization terminated successfully
2025-08,2025-09,100,value_weighted,representative,2020-09,2025-08,60,drop,0,,468,0.9689999594195345,100,0.26806525399954734,0.037618666348510285,0.0034078790064223595,0.011295064047622882,cluster_mass,0.0,1.0,not applicable
2025-09,2025-10,25,equal_weighted,optimized,2020-10,2025-09,60,drop,0,,465,0.93,20,0.27598008536943286,0.04846983773115239,0.008227228214494474,0.016130760364672817,tracking_error,0.0,1.0,Optimization terminated successfully
2025-09,2025-10,25,equal_weighted,representative,2020-10,2025-09,60,drop,0,,465,0.93,25,0.7247311827956989,0.10033146815575633,0.010493660267025088,0.030577814643111233,cluster_mass,0.0,1.0,not applicable
2025-09,2025-10,25,value_weighted,optimized,2020-10,2025-09,60,drop,0,,465,0.972210571631901,21,0.16706094757921666,0.06602022142693206,0.004738722348737871,0.019483948558766524,tracking_error,0.0,1.0,Optimization terminated successfully
2025-09,2025-10,25,value_weighted,representative,2020-10,2025-09,60,drop,0,,465,0.972210571631901,25,0.8445740988901782,0.140504740235504,0.008229713624042543,0.041054124739490105,cluster_mass,0.0,1.0,not applicable
2025-09,2025-10,50,equal_weighted,optimized,2020-10,2025-09,60,drop,0,,465,0.9300000000000002,33,0.2022398544717825,0.023630984753519373,0.006637309091284241,0.009477002192851067,tracking_error,0.0,1.0,Optimization terminated successfully
2025-09,2025-10,50,equal_weighted,representative,2020-10,2025-09,60,drop,0,,465,0.9300000000000002,50,0.48602150537634403,0.07298730931114464,0.010287949836917559,0.023288882315333083,cluster_mass,0.0,1.0,not applicable
2025-09,2025-10,50,value_weighted,optimized,2020-10,2025-09,60,drop,0,,465,0.9722105716319009,31,0.10913950330556572,0.027797702315586204,0.005460352121157684,0.00965064358779257,tracking_error,0.0,1.0,Optimization terminated successfully
2025-09,2025-10,50,value_weighted,representative,2020-10,2025-09,60,drop,0,,465,0.9722105716319009,50,0.32929479546228113,0.11367388053297917,0.010684398208247185,0.03424940994346269,cluster_mass,0.0,1.0,not applicable
2025-09,2025-10,100,equal_weighted,optimized,2020-10,2025-09,60,drop,0,,465,0.9300000000000002,48,0.14175153562979786,0.005495800861566812,0.0024914456408083627,0.0029465805968491464,tracking_error,0.0,1.0,Optimization terminated successfully
2025-09,2025-10,100,equal_weighted,representative,2020-10,2025-09,60,drop,0,,465,0.9300000000000002,100,0.18924731182795695,0.03650290477859616,0.006146340553763437,0.012122927254980938,cluster_mass,0.0,1.0,not applicable
2025-09,2025-10,100,value_weighted,optimized,2020-10,2025-09,60,drop,0,,465,0.9722105716319009,43,0.08369928854268488,0.008312010971214015,0.0044705611505203025,0.005064328174312732,tracking_error,0.0,1.0,Optimization terminated successfully
2025-09,2025-10,100,value_weighted,representative,2020-10,2025-09,60,drop,0,,465,0.9722105716319009,100,0.15703333843220452,0.06372963281368907,0.006259975314195753,0.019287350103407423,cluster_mass,0.0,1.0,not applicable
2025-10,2025-11,25,equal_weighted,optimized,2020-11,2025-10,59,drop,1,2025-10,464,0.9280000000000002,20,0.32093666942870824,0.03867731177314079,0.005517913103052564,0.012369141727946125,tracking_error,0.0,1.0,Optimization terminated successfully
2025-10,2025-11,25,equal_weighted,representative,2020-11,2025-10,59,drop,1,2025-10,464,0.9280000000000002,25,0.6185344827586207,0.07828535314930181,0.00749935090853302,0.023628381890312446,cluster_mass,0.0,1.0,not applicable
2025-10,2025-11,25,value_weighted,optimized,2020-11,2025-10,59,drop,1,2025-10,464,0.9731087541823314,19,0.21311039028171105,0.04367416818280448,0.00024538901672847873,0.012502753641302993,tracking_error,0.0,1.0,Optimization terminated successfully
2025-10,2025-11,25,value_weighted,representative,2020-11,2025-10,59,drop,1,2025-10,464,0.9731087541823314,25,0.4562200854187403,0.09962427356334529,0.00019301168319330207,0.028514941486787012,cluster_mass,0.0,1.0,not applicable
2025-10,2025-11,50,equal_weighted,optimized,2020-11,2025-10,59,drop,1,2025-10,464,0.9280000000000002,30,0.1507485608208487,0.020966437041692355,0.007006946993041625,0.009225455964767001,tracking_error,0.0,1.0,Optimization terminated successfully
2025-10,2025-11,50,equal_weighted,representative,2020-11,2025-10,59,drop,1,2025-10,464,0.9280000000000002,50,0.4504310344827585,0.0739561663027286,0.008523279130333131,0.022819155592810777,cluster_mass,0.0,1.0,not applicable
2025-10,2025-11,50,value_weighted,optimized,2020-11,2025-10,59,drop,1,2025-10,464,0.9731087541823316,29,0.09566349028255348,0.03080063969414445,0.0048213815494781275,0.010048004504035847,tracking_error,0.0,1.0,Optimization terminated successfully
2025-10,2025-11,50,value_weighted,representative,2020-11,2025-10,59,drop,1,2025-10,464,0.9731087541823316,50,0.3763283242199748,0.1311128067409819,0.00877341340724475,0.03853880719958162,cluster_mass,0.0,1.0,not applicable
2025-10,2025-11,100,equal_weighted,optimized,2020-11,2025-10,59,drop,1,2025-10,464,0.928,48,0.14432874422511327,0.00418433246823401,0.006467397987744968,0.006577352066039622,tracking_error,0.0,1.0,Optimization terminated successfully
2025-10,2025-11,100,equal_weighted,representative,2020-11,2025-10,59,drop,1,2025-10,464,0.928,100,0.1918103448275862,0.03533377841393484,0.009280887108123905,0.01372629372999779,cluster_mass,0.0,1.0,not applicable
2025-10,2025-11,100,value_weighted,optimized,2020-11,2025-10,59,drop,1,2025-10,464,0.9731087541823314,45,0.12141432279869571,0.013029508310769601,0.004271251890676065,0.0056701982195166275,tracking_error,0.0,1.0,Optimization terminated successfully
2025-10,2025-11,100,value_weighted,representative,2020-11,2025-10,59,drop,1,2025-10,464,0.9731087541823314,100,0.3054402904056577,0.09843655102700269,0.009283545905047534,0.029664417720706753,cluster_mass,0.0,1.0,not applicable
2025-11,2025-12,25,equal_weighted,optimized,2020-12,2025-11,59,drop,1,2025-10,468,0.9359999999999999,21,0.21486942551433819,0.04558299850643936,0.004228551808119966,0.013714835164614709,tracking_error,0.0,1.0,Optimization terminated successfully
2025-11,2025-12,25,equal_weighted,representative,2020-12,2025-11,59,drop,1,2025-10,468,0.9359999999999999,25,0.5170940170940171,0.08570356719913043,0.006703216463276836,0.025429322833936924,cluster_mass,0.0,1.0,not applicable
2025-11,2025-12,25,value_weighted,optimized,2020-12,2025-11,59,drop,1,2025-10,468,0.9779322177355173,20,0.14026120537655704,0.061245253351072095,0.0008932009414729712,0.017552252474072397,tracking_error,0.0,1.0,Optimization terminated successfully
2025-11,2025-12,25,value_weighted,representative,2020-12,2025-11,59,drop,1,2025-10,468,0.9779322177355173,25,0.6576490314856582,0.12845577975215264,0.00401367601255387,0.03698482395583526,cluster_mass,0.0,1.0,not applicable
2025-11,2025-12,50,equal_weighted,optimized,2020-12,2025-11,59,drop,1,2025-10,468,0.936,29,0.12232640199446125,0.022072919560302343,0.007263846239981178,0.00962686113456339,tracking_error,0.0,1.0,Optimization terminated successfully
2025-11,2025-12,50,equal_weighted,representative,2020-12,2025-11,59,drop,1,2025-10,468,0.936,50,0.4487179487179487,0.07174806738365451,0.01008934430624366,0.0228802553152479,cluster_mass,0.0,1.0,not applicable
2025-11,2025-12,50,value_weighted,optimized,2020-12,2025-11,59,drop,1,2025-10,468,0.9779322177355173,29,0.08072145790257869,0.0290676939040732,0.004569503249450108,0.00949198910816783,tracking_error,0.0,1.0,Optimization terminated successfully
2025-11,2025-12,50,value_weighted,representative,2020-12,2025-11,59,drop,1,2025-10,468,0.9779322177355173,50,0.32347065888093446,0.1145838960473814,0.00877585247228512,0.033949868551468185,cluster_mass,0.0,1.0,not applicable
2025-11,2025-12,100,equal_weighted,optimized,2020-12,2025-11,59,drop,1,2025-10,468,0.936,52,0.09074902688237302,0.006836209751858439,0.005168527386580434,0.005526495048328155,tracking_error,0.0,1.0,Optimization terminated successfully
2025-11,2025-12,100,equal_weighted,representative,2020-12,2025-11,59,drop,1,2025-10,468,0.936,100,0.25213675213675213,0.03955511882489371,0.008942489062146893,0.014427132952794611,cluster_mass,0.0,1.0,not applicable
2025-11,2025-12,100,value_weighted,optimized,2020-12,2025-11,59,drop,1,2025-10,468,0.9779322177355173,45,0.09344669965768715,0.01645378360470828,0.004178081867514522,0.00629559911681918,tracking_error,0.0,1.0,Optimization terminated successfully
2025-11,2025-12,100,value_weighted,representative,2020-12,2025-11,59,drop,1,2025-10,468,0.9779322177355173,100,0.29756075132110676,0.09763791355644098,0.006660375690966009,0.02872848527749332,cluster_mass,0.0,1.0,not applicable
